QUARTER,GDP,GOV,NEWS,UNEMP,TB3,RDEF,MTR,ATR,MITR,AITR,ATR_PSZ,ATR_B90_PSZ,ATR_B50_PSZ,ATR_T10_PSZ,ATR_T05_PSZ,ATR_T01_PSZ,psoc,pfed,rinvfx,rnri,wgenofarm,hours
1913,0.006784,0.000512,0,5.3863,.,-0.000013,0.0032,0.001013,0.00320,0.001013,0.078591,0.067522,0.071223,0.093937,0.108836,0.12974,0.002189,0.002189,,,,
1913.25,0.006762,0.000527,0,5.5267,.,0.00001,0.0032,0.001013,0.003200,0.001013,0.078591,0.067522,0.071223,0.093937,0.108836,0.12974,0.002189,0.002189,,,,
1913.5,0.00676,0.000497,0,5.7269,.,-0.000007,0.0032,0.001013,0.003200,0.001013,0.078591,0.067522,0.071223,0.093937,0.108836,0.12974,0.002189,0.002189,,,,
1913.75,0.006555,0.000502,0,6.3201,.,-0.000009,0.0032,0.001013,0.003200,0.001013,0.078591,0.067522,0.071223,0.093937,0.108836,0.12974,0.002189,0.002189,,,,
1914,0.006317,0.000527,0,7.235,.,0,0.0049,0.001467,0.004900,0.001467,0.079352,0.06206,0.061553,0.102424,0.11928,0.143977,0.003438,0.003438,,,,
1914.25,0.006207,0.000528,0,8.1315,.,-0.000002,0.0049,0.001467,0.004900,0.001467,0.079352,0.06206,0.061553,0.102424,0.11928,0.143977,0.003438,0.003438,,,,
1914.5,0.006011,0.000537,0,8.9383,.,-0.000005,0.0049,0.001467,0.004900,0.001467,0.079352,0.06206,0.061553,0.102424,0.11928,0.143977,0.003438,0.003438,,,,
1914.75,0.005746,0.000537,0,9.6552,.,0.000011,0.0049,0.001467,0.004900,0.001467,0.079352,0.06206,0.061553,0.102424,0.11928,0.143977,0.003438,0.003438,,,,
1915,0.005856,0.000574,0,9.2287,.,0.000005,0.0065,0.002347,0.006500,0.002347,0.079663,0.060257,0.058736,0.105522,0.12454,0.152884,0.004163,0.004163,,,,
1915.25,0.005946,0.000546,0,9.4041,.,0.000012,0.0065,0.002347,0.006500,0.002347,0.079663,0.060257,0.058736,0.105522,0.12454,0.152884,0.004163,0.004163,,,,
1915.5,0.006175,0.000501,0,9.1277,.,-0.000006,0.0065,0.002347,0.006500,0.002347,0.079663,0.060257,0.058736,0.105522,0.12454,0.152884,0.004163,0.004163,,,,
1915.75,0.00657,0.000526,0.024472,8.3995,.,-0.000014,0.0065,0.002347,0.006500,0.002347,0.079663,0.060257,0.058736,0.105522,0.12454,0.152884,0.004163,0.004163,,,,
1916,0.006867,0.00054,0,7.3404,.,-0.000018,0.0132,0.004942,0.013200,0.004942,0.081304,0.067895,0.069955,0.098429,0.115567,0.13682,0.008299,0.008299,,,,
1916.25,0.006907,0.000482,0,6.5242,.,-0.000007,0.0132,0.004942,0.013200,0.004942,0.081304,0.067895,0.069955,0.098429,0.115567,0.13682,0.008299,0.008299,,,,
1916.5,0.006934,0.000527,0.006079,6.0719,.,0.000001,0.0132,0.004942,0.013200,0.004942,0.081304,0.067895,0.069955,0.098429,0.115567,0.13682,0.008299,0.008299,,,,
1916.75,0.006874,0.000474,0,5.9835,.,0.000013,0.0132,0.004942,0.013200,0.004942,0.081304,0.067895,0.069955,0.098429,0.115567,0.13682,0.008299,0.008299,,,,
1917,0.006576,0.00053,0,6.1245,.,0.000016,0.037,0.018842,0.037000,0.018842,0.088716,0.073079,0.076926,0.109951,0.128066,0.158997,0.018507,0.018507,,,,
1917.25,0.006671,0.000945,0.383316,5.8568,.,0.000342,0.037,0.018842,0.037000,0.018842,0.088716,0.073079,0.076926,0.109951,0.128066,0.158997,0.018507,0.018507,,,,
1917.5,0.006565,0.00084,0,5.0462,.,0.0007,0.037,0.018842,0.037000,0.018842,0.088716,0.073079,0.076926,0.109951,0.128066,0.158997,0.018507,0.018507,,,,
1917.75,0.006644,0.000846,0.069507,3.6925,.,0.001023,0.037,0.018842,0.037000,0.018842,0.088716,0.073079,0.076926,0.109951,0.128066,0.158997,0.018507,0.018507,,,,
1918,0.006772,0.001448,0,1.9813,.,0.001238,0.054,0.024045,0.054000,0.024045,0.106182,0.078447,0.083149,0.147931,0.170705,0.227385,0.030693,0.030693,,,,
1918.25,0.007222,0.001877,0.279528,0.79276,.,0.000776,0.054,0.024045,0.054000,0.024045,0.106182,0.078447,0.083149,0.147931,0.170705,0.227385,0.030693,0.030693,,,,
1918.5,0.0074,0.002074,-0.072737,0.64575,.,0.001137,0.054,0.024045,0.054000,0.024045,0.106182,0.078447,0.083149,0.147931,0.170705,0.227385,0.030693,0.030693,,,,
1918.75,0.00721,0.002301,-0.151859,1.5402,.,0.001634,0.054,0.024045,0.054000,0.024045,0.106182,0.078447,0.083149,0.147931,0.170705,0.227385,0.030693,0.030693,,,,
1919,0.006947,0.001755,0,2.3329,.,0.001257,0.052,0.023415,0.052000,0.023415,0.108733,0.08213,0.086975,0.14816,0.165431,0.210218,0.02927,0.02927,,,,
1919.25,0.00707,0.001035,0,2.0101,.,0.000664,0.052,0.023415,0.052000,0.023415,0.108733,0.08213,0.086975,0.14816,0.165431,0.210218,0.02927,0.02927,,,,
1919.5,0.00723,0.000748,0,2.4286,.,0.000163,0.052,0.023415,0.052000,0.023415,0.108733,0.08213,0.086975,0.14816,0.165431,0.210218,0.02927,0.02927,,,,
1919.75,0.007293,0.000499,0,2.5883,.,-0.000124,0.052,0.023415,0.052000,0.023415,0.108733,0.08213,0.086975,0.14816,0.165431,0.210218,0.02927,0.02927,,,,
1920,0.007262,0.000487,0,3.2986,4.5833,-0.000155,0.046,0.018794,0.046000,0.018794,0.107874,0.082345,0.088127,0.147012,0.167312,0.222211,0.027727,0.027727,,,,
1920.25,0.006955,0.000518,0,4.2369,5.5,-0.000035,0.046,0.018794,0.046000,0.018794,0.107874,0.082345,0.088127,0.147012,0.167312,0.222211,0.027727,0.027727,,,,
1920.5,0.006916,0.000526,0,5.5458,5.8167,-0.000152,0.046,0.018794,0.046000,0.018794,0.107874,0.082345,0.088127,0.147012,0.167312,0.222211,0.027727,0.027727,,,,
1920.75,0.00663,0.000583,0,7.5587,5.7933,-0.000076,0.046,0.018794,0.046000,0.018794,0.107874,0.082345,0.088127,0.147012,0.167312,0.222211,0.027727,0.027727,,,,
1921,0.006437,0.000719,0,10.031,5.45,-0.000012,0.042,0.015762,0.042000,0.015762,0.105592,0.078918,0.078086,0.140581,0.16664,0.228008,0.026658,0.026658,,,,
1921.25,0.006623,0.000683,0,11.804,5.1167,0.00004,0.042,0.015762,0.042000,0.015762,0.105592,0.078918,0.078086,0.140581,0.16664,0.228008,0.026658,0.026658,,,,
1921.5,0.006745,0.00054,0,11.966,4.7,-0.000102,0.042,0.015762,0.042000,0.015762,0.105592,0.078918,0.078086,0.140581,0.16664,0.228008,0.026658,0.026658,,,,
1921.75,0.006795,0.0006,-0.00996,11.518,4.0467,-0.000087,0.042,0.015762,0.042000,0.015762,0.105592,0.078918,0.078086,0.140581,0.16664,0.228008,0.026658,0.026658,,,,
1922,0.006741,0.000585,0,10.573,3.7533,-0.000061,0.046,0.017359,0.046000,0.017359,0.099172,0.073395,0.07354,0.134655,0.159101,0.222674,0.029147,0.029147,,,,
1922.25,0.006863,0.000571,0,9.3443,3.2367,-0.000046,0.046,0.017359,0.046000,0.017359,0.099172,0.073395,0.07354,0.134655,0.159101,0.222674,0.029147,0.029147,,,,
1922.5,0.006958,0.00062,0,7.9455,3.2233,-0.000062,0.046,0.017359,0.046000,0.017359,0.099172,0.073395,0.07354,0.134655,0.159101,0.222674,0.029147,0.029147,,,,
1922.75,0.007204,0.00077,0,6.377,3.6733,-0.000094,0.046,0.017359,0.046000,0.017359,0.099172,0.073395,0.07354,0.134655,0.159101,0.222674,0.029147,0.029147,,,,
1923,0.00757,0.000674,0,4.7579,3.81,-0.000051,0.033,0.01155,0.033000,0.011550,0.103966,0.073241,0.074962,0.151096,0.172789,0.234382,0.0217,0.0217,,,,
1923.25,0.007831,0.0006,0,3.9874,3.9733,-0.00008,0.033,0.01155,0.033000,0.011550,0.103966,0.073241,0.074962,0.151096,0.172789,0.234382,0.0217,0.0217,,,,
1923.5,0.007749,0.000587,0,4.1848,3.9267,-0.000096,0.033,0.01155,0.033000,0.011550,0.103966,0.073241,0.074962,0.151096,0.172789,0.234382,0.0217,0.0217,,,,
1923.75,0.007788,0.000669,0,4.35,4.0133,-0.000064,0.033,0.01155,0.033000,0.011550,0.103966,0.073241,0.074962,0.151096,0.172789,0.234382,0.0217,0.0217,,,,
1924,0.008011,0.00059,0,5.0249,3.6233,-0.000117,0.035,0.012052,0.035000,0.012052,0.0999,0.071533,0.072254,0.141857,0.161208,0.216047,0.023228,0.023228,,,,
1924.25,0.007722,0.000693,0,5.6175,2.7033,-0.000083,0.035,0.012052,0.035000,0.012052,0.0999,0.071533,0.072254,0.141857,0.161208,0.216047,0.023228,0.023228,,,,
1924.5,0.007564,0.000707,0,5.3363,1.9867,-0.000063,0.035,0.012052,0.035000,0.012052,0.0999,0.071533,0.072254,0.141857,0.161208,0.216047,0.023228,0.023228,,,,
1924.75,0.007829,0.0007,0,5.1813,2.52,-0.000092,0.035,0.012052,0.035000,0.012052,0.0999,0.071533,0.072254,0.141857,0.161208,0.216047,0.023228,0.023228,,,,
1925,0.007838,0.000738,0,5.1575,2.67,-0.000048,0.03,0.011613,0.030000,0.011613,0.102444,0.072794,0.073108,0.144709,0.161419,0.213618,0.018603,0.018603,,,,
1925.25,0.007803,0.000678,0,4.955,2.79,-0.000067,0.03,0.011613,0.030000,0.011613,0.102444,0.072794,0.073108,0.144709,0.161419,0.213618,0.018603,0.018603,,,,
1925.5,0.00792,0.000713,0,4.5788,3.08,-0.00007,0.03,0.011613,0.030000,0.011613,0.102444,0.072794,0.073108,0.144709,0.161419,0.213618,0.018603,0.018603,,,,
1925.75,0.008052,0.00069,0,4.0287,3.5633,-0.000073,0.03,0.011613,0.030000,0.011613,0.102444,0.072794,0.073108,0.144709,0.161419,0.213618,0.018603,0.018603,,,,
1926,0.008142,0.000675,0,3.358,3.27,-0.00009,0.028,0.01128,0.028000,0.011280,0.106173,0.077584,0.080751,0.147922,0.162896,0.212266,0.016911,0.016911,,,,
1926.25,0.008174,0.00072,0,2.8186,3.06,-0.000077,0.028,0.01128,0.028000,0.011280,0.106173,0.077584,0.080751,0.147922,0.162896,0.212266,0.016911,0.016911,,,,
1926.5,0.008366,0.000664,0,2.4636,3.2667,-0.000128,0.028,0.01128,0.028000,0.011280,0.106173,0.077584,0.080751,0.147922,0.162896,0.212266,0.016911,0.016911,,,,
1926.75,0.008404,0.000722,0,2.9597,3.3333,-0.000086,0.028,0.01128,0.028000,0.011280,0.106173,0.077584,0.080751,0.147922,0.162896,0.212266,0.016911,0.016911,,,,
1927,0.008354,0.00076,0,3.3178,3.24,-0.000078,0.032,0.012611,0.032000,0.012611,0.103029,0.074909,0.07757,0.14488,0.160996,0.21418,0.019636,0.019636,,,,
1927.25,0.008382,0.000725,0,3.5896,3.2633,-0.000106,0.032,0.012611,0.032000,0.012611,0.103029,0.074909,0.07757,0.14488,0.160996,0.21418,0.019636,0.019636,,,,
1927.5,0.008224,0.000773,0,4.1192,2.78,-0.000085,0.032,0.012611,0.032000,0.012611,0.103029,0.074909,0.07757,0.14488,0.160996,0.21418,0.019636,0.019636,,,,
1927.75,0.008039,0.000749,0,4.5734,3.0967,-0.000082,0.032,0.012611,0.032000,0.012611,0.103029,0.074909,0.07757,0.14488,0.160996,0.21418,0.019636,0.019636,,,,
1928,0.008068,0.00079,0.002669,4.8166,3.3033,-0.000102,0.041,0.016776,0.041000,0.016776,0.102434,0.07364,0.074161,0.142658,0.160445,0.213372,0.024637,0.024637,,,,
1928.25,0.008137,0.00076,0,5.2041,3.8133,-0.000062,0.041,0.016776,0.041000,0.016776,0.102434,0.07364,0.074161,0.142658,0.160445,0.213372,0.024637,0.024637,,,,
1928.5,0.008297,0.000775,0,4.9338,4.35,-0.000052,0.041,0.016776,0.041000,0.016776,0.102434,0.07364,0.074161,0.142658,0.160445,0.213372,0.024637,0.024637,,,,
1928.75,0.00836,0.000794,0,4.0056,4.4067,-0.000058,0.041,0.016776,0.041000,0.016776,0.102434,0.07364,0.074161,0.142658,0.160445,0.213372,0.024637,0.024637,,,,
1929,0.008509,0.000805,0,2.6522,4.55,-0.000078,0.035,0.013823,0.035000,0.013823,0.108772,0.077162,0.078644,0.154701,0.172876,0.230173,0.021474,0.021474,,,,
1929.25,0.008845,0.000777,0,1.9795,4.8967,-0.000083,0.035,0.013823,0.035000,0.013823,0.108772,0.077162,0.078644,0.154701,0.172876,0.230173,0.021474,0.021474,,,,
1929.5,0.008893,0.00078,0,2.5537,4.61,-0.000082,0.035,0.013823,0.035000,0.013823,0.108772,0.077162,0.078644,0.154701,0.172876,0.230173,0.021474,0.021474,,,,
1929.75,0.008472,0.000826,0,4.3746,3.6233,-0.000056,0.035,0.013823,0.035000,0.013823,0.108772,0.077162,0.078644,0.154701,0.172876,0.230173,0.021474,0.021474,,,,
1930,0.008168,0.000859,0,6.3818,3.2333,-0.000034,0.023,0.007717,0.023000,0.007717,0.117025,0.083815,0.086056,0.168815,0.192042,0.263309,0.015402,0.015402,,,,
1930.25,0.008126,0.000873,0,6.8398,2.4333,-0.000049,0.023,0.007717,0.023000,0.007717,0.117025,0.083815,0.086056,0.168815,0.192042,0.263309,0.015402,0.015402,,,,
1930.5,0.007736,0.000859,0,9.4524,1.71,0.000033,0.023,0.007717,0.023000,0.007717,0.117025,0.083815,0.086056,0.168815,0.192042,0.263309,0.015402,0.015402,,,,
1930.75,0.00739,0.000921,0,13.103,1.54,0.000089,0.023,0.007717,0.023000,0.007717,0.117025,0.083815,0.086056,0.168815,0.192042,0.263309,0.015402,0.015402,,,,
1931,0.007419,0.001062,0,13.557,1.207,0.000242,0.017,0.004813,0.017000,0.004813,0.125362,0.096165,0.1003,0.173286,0.199758,0.275124,0.012246,0.012246,,,,
1931.25,0.007561,0.000882,0,13.983,0.986,0.000183,0.017,0.004813,0.017000,0.004813,0.125362,0.096165,0.1003,0.173286,0.199758,0.275124,0.012246,0.012246,,,,
1931.5,0.007275,0.001045,0,16.124,0.76667,0.000302,0.017,0.004813,0.017000,0.004813,0.125362,0.096165,0.1003,0.173286,0.199758,0.275124,0.012246,0.012246,,,,
1931.75,0.006913,0.000847,0,18.95,2.6487,0.000215,0.017,0.004813,0.017000,0.004813,0.125362,0.096165,0.1003,0.173286,0.199758,0.275124,0.012246,0.012246,,,,
1932,0.006673,0.000866,0,19.696,2.4717,0.000192,0.029,0.00851,0.029000,0.008510,0.154857,0.127985,0.135275,0.202584,0.232642,0.321993,0.020666,0.020666,,,,
1932.25,0.006351,0.001082,0,22.914,0.53433,0.000254,0.029,0.00851,0.029000,0.008510,0.154857,0.127985,0.135275,0.202584,0.232642,0.321993,0.020666,0.020666,,,,
1932.5,0.00613,0.000962,0,24.813,0.36333,0.000187,0.029,0.00851,0.029000,0.008510,0.154857,0.127985,0.135275,0.202584,0.232642,0.321993,0.020666,0.020666,,,,
1932.75,0.006089,0.000907,0,24.143,0.14733,0.000128,0.029,0.00851,0.029000,0.008510,0.154857,0.127985,0.135275,0.202584,0.232642,0.321993,0.020666,0.020666,,,,
1933,0.005727,0.000965,0,22.761,0.99367,0.000175,0.031,0.010171,0.031000,0.010171,0.173182,0.150949,0.165037,0.216514,0.244722,0.33265,0.021043,0.021043,,,,
1933.25,0.006148,0.000994,0,23.437,0.41667,0.000173,0.031,0.010171,0.031000,0.010171,0.173182,0.150949,0.165037,0.216514,0.244722,0.33265,0.021043,0.021043,,,,
1933.5,0.006662,0.000769,0,20.985,0.22667,0.000089,0.031,0.010171,0.031000,0.010171,0.173182,0.150949,0.165037,0.216514,0.244722,0.33265,0.021043,0.021043,,,,
1933.75,0.006235,0.001129,0,20.592,0.42367,0.000256,0.031,0.010171,0.031000,0.010171,0.173182,0.150949,0.165037,0.216514,0.244722,0.33265,0.021043,0.021043,,,,
1934,0.00664,0.001223,0.014698,18.688,0.52667,0.000357,0.034,0.012158,0.034000,0.012158,0.164608,0.152542,0.169701,0.190104,0.216606,0.288807,0.022111,0.022111,,,,
1934.25,0.007065,0.001053,0,19.027,0.15333,0.00028,0.034,0.012158,0.034000,0.012158,0.164608,0.152542,0.169701,0.190104,0.216606,0.288807,0.022111,0.022111,,,,
1934.5,0.006784,0.000992,0,22.63,0.18333,0.000262,0.034,0.012158,0.034000,0.012158,0.164608,0.152542,0.169701,0.190104,0.216606,0.288807,0.022111,0.022111,,,,
1934.75,0.006782,0.001102,0,23.51,0.25,0.000327,0.034,0.012158,0.034000,0.012158,0.164608,0.152542,0.169701,0.190104,0.216606,0.288807,0.022111,0.022111,,,,
1935,0.007193,0.00095,0,19.517,0.18,0.000201,0.038,0.013756,0.038000,0.013756,0.157702,0.140854,0.156155,0.18568,0.214171,0.286049,0.024582,0.024582,,,,
1935.25,0.007192,0.001067,0,19.352,0.15,0.000232,0.038,0.013756,0.038000,0.013756,0.157702,0.140854,0.156155,0.18568,0.214171,0.286049,0.024582,0.024582,,,,
1935.5,0.007366,0.001264,0,19.437,0.17,0.000374,0.038,0.013756,0.038000,0.013756,0.157702,0.140854,0.156155,0.18568,0.214171,0.286049,0.024582,0.024582,,,,
1935.75,0.007748,0.001167,0,18.59,0.17,0.000344,0.038,0.013756,0.038000,0.013756,0.157702,0.140854,0.156155,0.18568,0.214171,0.286049,0.024582,0.024582,,,,
1936,0.007757,0.001203,0,17.105,0.2,0.000356,0.052,0.022282,0.052000,0.022282,0.160297,0.141787,0.159086,0.191607,0.221636,0.2913,0.030395,0.030395,,,,
1936.25,0.008218,0.001336,0,17.491,0.2,0.000444,0.052,0.022282,0.052000,0.022282,0.160297,0.141787,0.159086,0.191607,0.221636,0.2913,0.030395,0.030395,,,,
1936.5,0.008432,0.001323,0,16.286,0.17,0.000419,0.052,0.022282,0.052000,0.022282,0.160297,0.141787,0.159086,0.191607,0.221636,0.2913,0.030395,0.030395,,,,
1936.75,0.008694,0.001364,0,15.863,0.12,0.000419,0.052,0.022282,0.052000,0.022282,0.160297,0.141787,0.159086,0.191607,0.221636,0.2913,0.030395,0.030395,,,,
1937,0.008653,0.00136,0,14.338,0.23333,0.000275,0.055,0.029755,0.046000,0.019507,0.172669,0.156845,0.174154,0.201072,0.23014,0.316378,0.026019,0.02702,,,,
1937.25,0.008869,0.001217,0,13.618,0.44333,0.000045,0.055,0.029755,0.046000,0.019507,0.172669,0.156845,0.174154,0.201072,0.23014,0.316378,0.026019,0.02702,,,,
1937.5,0.008839,0.001186,0,12.937,0.29333,0.000016,0.055,0.029755,0.046000,0.019507,0.172669,0.156845,0.174154,0.201072,0.23014,0.316378,0.026019,0.02702,,,,
1937.75,0.008214,0.001105,0,15.123,0.13333,-0.000039,0.055,0.029755,0.046000,0.019507,0.172669,0.156845,0.174154,0.201072,0.23014,0.316378,0.026019,0.02702,,,,
1938,0.007883,0.001173,0,18.387,0.086667,0.000111,0.043,0.025357,0.034000,0.014219,0.182069,0.169068,0.187465,0.207455,0.237915,0.335237,0.018102,0.020066,,,,
1938.25,0.008014,0.001256,0.000914,19.82,0.063333,0.000188,0.043,0.025357,0.034000,0.014219,0.182069,0.169068,0.187465,0.207455,0.237915,0.335237,0.018102,0.020066,,,,
1938.5,0.008478,0.001436,0,19.205,0.07,0.000302,0.043,0.025357,0.034000,0.014219,0.182069,0.169068,0.187465,0.207455,0.237915,0.335237,0.018102,0.020066,,,,
1938.75,0.008799,0.001525,0,17.374,0.04,0.00031,0.043,0.025357,0.034000,0.014219,0.182069,0.169068,0.187465,0.207455,0.237915,0.335237,0.018102,0.020066,,,,
1939,0.008686,0.001482,0.005393,17.749,0.03,0.000365,0.047,0.026697,0.038000,0.016221,0.174092,0.16833,0.187175,0.188518,0.214801,0.292732,0.02086,0.022139,4.05,3.09,,107.85
1939.25,0.008771,0.001476,0,17.284,0.03,0.00034,0.047,0.026697,0.038000,0.016221,0.174092,0.16833,0.187175,0.188518,0.214801,0.292732,0.02086,0.022139,4.17,3.26,,108.05
1939.5,0.009021,0.001397,0.007653,16.058,0.076667,0.000239,0.047,0.026697,0.038000,0.016221,0.174092,0.16833,0.187175,0.188518,0.214801,0.292732,0.02086,0.022139,4.33,3.51,,108.57
1939.75,0.009054,0.001423,0,15.44,0.046667,0.000236,0.047,0.026697,0.038000,0.016221,0.174092,0.16833,0.187175,0.188518,0.214801,0.292732,0.02086,0.022139,4.53,3.75,,110.03
1940,0.009376,0.001426,0,15.057,0.016667,0.000247,0.065,0.034093,0.056000,0.024334,0.182413,0.171613,0.189922,0.201749,0.231249,0.304232,0.031997,0.032456,4.72,3.89,,111.65
1940.25,0.009405,0.001383,0.317231,14.248,0.06,0.000171,0.065,0.034093,0.056000,0.024334,0.182413,0.171613,0.189922,0.201749,0.231249,0.304232,0.031997,0.032456,4.97,4.02,,111.59
1940.5,0.009675,0.001386,0,13.327,0.046667,0.000099,0.065,0.034093,0.056000,0.024334,0.182413,0.171613,0.189922,0.201749,0.231249,0.304232,0.031997,0.032456,5.31,4.36,,114.59
1940.75,0.00988,0.001612,0.047093,13.355,0.02,0.000191,0.065,0.034093,0.056000,0.024334,0.182413,0.171613,0.189922,0.201749,0.231249,0.304232,0.031997,0.032456,5.51,4.57,,115.92
1941,0.010427,0.001907,0.065174,11.26,0.056667,0.000284,0.122,0.062083,0.113000,0.051534,0.204085,0.16653,0.181368,0.256565,0.29601,0.372031,0.063883,0.064806,5.77,4.94,,118.73
1941.25,0.011076,0.002122,0.384019,10.502,0.11,0.000327,0.122,0.062083,0.113000,0.051534,0.204085,0.16653,0.181368,0.256565,0.29601,0.372031,0.063883,0.064806,6.2,5.31,,123.24
1941.5,0.01134,0.002494,0,8.8803,0.11667,0.000591,0.122,0.062083,0.113000,0.051534,0.204085,0.16653,0.181368,0.256565,0.29601,0.372031,0.063883,0.064806,6,4.99,,128.41
1941.75,0.011849,0.003059,0.728041,7.1106,0.23333,0.001106,0.122,0.062083,0.113000,0.051534,0.204085,0.16653,0.181368,0.256565,0.29601,0.372031,0.063883,0.064806,5.43,4.59,,131.89
1942,0.011922,0.003528,0,6.5297,0.25667,0.001339,0.2,0.1017,0.192000,0.091455,0.20617,0.142134,0.149438,0.303719,0.341486,0.418811,0.109429,0.110666,4.23,3.52,,134.34
1942.25,0.012736,0.004687,0.197096,5.0108,0.35333,0.002465,0.2,0.1017,0.192000,0.091455,0.20617,0.142134,0.149438,0.303719,0.341486,0.418811,0.109429,0.110666,3.74,3.24,,138.4
1942.5,0.013477,0.005868,0.413483,3.7606,0.38,0.003537,0.2,0.1017,0.192000,0.091455,0.20617,0.142134,0.149438,0.303719,0.341486,0.418811,0.109429,0.110666,2.85,2.69,,142.99
1942.75,0.01441,0.006578,0,3.1022,0.38,0.004082,0.2,0.1017,0.192000,0.091455,0.20617,0.142134,0.149438,0.303719,0.341486,0.418811,0.109429,0.110666,2.39,2.21,,148.37
1943,0.014676,0.00714,0.123456,2.3137,0.38,0.003897,0.216,0.129806,0.209000,0.119941,0.255261,0.181449,0.165291,0.376944,0.414074,0.485696,0.099051,0.101196,2.26,2.15,,153.22
1943.25,0.01497,0.007253,0,2.0073,0.38,0.003956,0.216,0.129806,0.209000,0.119941,0.255261,0.181449,0.165291,0.376944,0.414074,0.485696,0.099051,0.101196,2.39,2.26,,157.29
1943.5,0.015316,0.007325,0,1.9609,0.38,0.003524,0.216,0.129806,0.209000,0.119941,0.255261,0.181449,0.165291,0.376944,0.414074,0.485696,0.099051,0.101196,2.68,2.59,,160.06
1943.75,0.015738,0.007595,0,1.5178,0.38,0.003778,0.216,0.129806,0.209000,0.119941,0.255261,0.181449,0.165291,0.376944,0.414074,0.485696,0.099051,0.101196,2.86,2.76,,160.21
1944,0.015991,0.007823,0,1.3123,0.38,0.004215,0.258,0.141402,0.252000,0.131659,0.24646,0.185031,0.168501,0.349538,0.393817,0.47317,0.135801,0.138588,2.99,2.93,,161.03
1944.25,0.0161,0.007846,-0.155931,1.3854,0.38,0.004208,0.258,0.141402,0.252000,0.131659,0.24646,0.185031,0.168501,0.349538,0.393817,0.47317,0.135801,0.138588,3.17,3.26,,163.67
1944.5,0.016267,0.00781,0,1.268,0.38,0.004196,0.258,0.141402,0.252000,0.131659,0.24646,0.185031,0.168501,0.349538,0.393817,0.47317,0.135801,0.138588,3.01,3.16,,158.29
1944.75,0.016403,0.00787,0.085241,0.94011,0.38,0.004253,0.258,0.141402,0.252000,0.131659,0.24646,0.185031,0.168501,0.349538,0.393817,0.47317,0.135801,0.138588,3.34,3.6,,159.12
1945,0.016704,0.007854,0,1.0177,0.38,0.004032,0.263,0.144377,0.257000,0.134884,0.255996,0.198135,0.183294,0.35632,0.399539,0.484515,0.138639,0.141156,3.51,3.86,,155.38
1945.25,0.016726,0.007812,0,1.1067,0.38,0.004018,0.263,0.144377,0.257000,0.134884,0.255996,0.198135,0.183294,0.35632,0.399539,0.484515,0.138639,0.141156,3.75,4.12,,150.1
1945.5,0.015635,0.006569,-0.172065,2.0729,0.38,0.003154,0.263,0.144377,0.257000,0.134884,0.255996,0.198135,0.183294,0.35632,0.399539,0.484515,0.138639,0.141156,4.64,4.99,,141.83
1945.75,0.014376,0.004701,0,3.5264,0.38,0.001836,0.263,0.144377,0.257000,0.134884,0.255996,0.198135,0.183294,0.35632,0.399539,0.484515,0.138639,0.141156,5.24,5.22,,135.95
1946,0.014132,0.003148,0,3.9975,0.38,0.00078,0.232726,0.124504,0.226000,0.114530,0.252598,0.206133,0.199415,0.329141,0.363785,0.453132,0.123612,0.125888,6.23,5.51,,132.76
1946.25,0.014331,0.002678,0,4.0317,0.38,0.000111,0.232726,0.124504,0.226000,0.114530,0.252598,0.206133,0.199415,0.329141,0.363785,0.453132,0.123612,0.125888,7.85,6.69,,129.4
1946.5,0.01374,0.002403,0.016623,3.7294,0.38,-0.000244,0.232726,0.124504,0.226000,0.114530,0.252598,0.206133,0.199415,0.329141,0.363785,0.453132,0.123612,0.125888,8.48,7.05,,129.83
1946.75,0.01325,0.002364,0,4.0272,0.38,-0.000381,0.232726,0.124504,0.226000,0.114530,0.252598,0.206133,0.199415,0.329141,0.363785,0.453132,0.123612,0.125888,9.04,7.58,,130.23
1947,0.013529,0.002232,0,3.7732,0.38,-0.000612,0.232071,0.127287,0.226000,0.116936,0.25637,0.20749,0.195303,0.339644,0.375151,0.462094,0.120067,0.123506,9.33,7.92,36.19,129.59
1947.25,0.01345,0.002201,0.032087,4.0634,0.38,-0.000535,0.232071,0.127287,0.226000,0.116936,0.25637,0.20749,0.195303,0.339644,0.375151,0.462094,0.120067,0.123506,9.08,7.79,36.488,128.85
1947.5,0.013374,0.002128,0,4.0526,0.73667,-0.000358,0.232071,0.127287,0.226000,0.116936,0.25637,0.20749,0.195303,0.339644,0.375151,0.462094,0.120067,0.123506,9.39,7.64,36.768,128.86
1947.75,0.013526,0.002078,0,3.7107,0.90667,-0.000624,0.232071,0.127287,0.226000,0.116936,0.25637,0.20749,0.195303,0.339644,0.375151,0.462094,0.120067,0.123506,10.22,7.88,36.605,128.88
1948,0.013665,0.002115,0.006915,3.7,0.99,-0.000534,0.185146,0.099578,0.180000,0.090229,0.23401,0.187415,0.179661,0.309268,0.341369,0.418796,0.095031,0.098674,10.56,8.37,36.691,127.8
1948.25,0.013828,0.002184,0.013149,3.7,1,-0.000375,0.185146,0.099578,0.180000,0.090229,0.23401,0.187415,0.179661,0.309268,0.341369,0.418796,0.095031,0.098674,10.55,8.08,36.6,127.83
1948.5,0.013846,0.002219,0,3.8,1.05,-0.000159,0.185146,0.099578,0.180000,0.090229,0.23401,0.187415,0.179661,0.309268,0.341369,0.418796,0.095031,0.098674,10.44,8.1,36.736,127.97
1948.75,0.0138,0.002301,0,3.8,1.14,-0.000054,0.185146,0.099578,0.180000,0.090229,0.23401,0.187415,0.179661,0.309268,0.341369,0.418796,0.095031,0.098674,10.32,8.31,37.435,128.03
1949,0.013553,0.002402,0,4.7,1.17,0.000153,0.183195,0.095976,0.175000,0.086460,0.22476,0.186581,0.182561,0.287167,0.31755,0.389855,0.096479,0.09692,9.73,7.92,38.018,128.04
1949.25,0.01345,0.002505,0,5.9,1.17,0.000347,0.183195,0.095976,0.175000,0.086460,0.22476,0.186581,0.182561,0.287167,0.31755,0.389855,0.096479,0.09692,9.42,7.6,38.134,124.87
1949.5,0.013535,0.002506,0,6.7,1.0433,0.000391,0.183195,0.095976,0.175000,0.086460,0.22476,0.186581,0.182561,0.287167,0.31755,0.389855,0.096479,0.09692,9.4,7.23,38.549,123.28
1949.75,0.013345,0.002467,-0.007319,7,1.0767,0.000394,0.183195,0.095976,0.175000,0.086460,0.22476,0.186581,0.182561,0.287167,0.31755,0.389855,0.096479,0.09692,9.73,7.1,38.527,124.94
1950,0.013807,0.002416,0,6.4,1.1033,0.000466,0.202947,0.111384,0.196000,0.097577,0.248907,0.196446,0.190632,0.332286,0.368136,0.452855,0.10304,0.109065,10.35,7.3,39.641,125.99
1950.25,0.014152,0.002429,0.027381,5.6,1.1533,-0.000049,0.202947,0.111384,0.196000,0.097577,0.248907,0.196446,0.190632,0.332286,0.368136,0.452855,0.10304,0.109065,11.31,7.96,40.198,127.95
1950.5,0.014627,0.002371,0.617042,4.6,1.22,-0.000522,0.202947,0.111384,0.196000,0.097577,0.248907,0.196446,0.190632,0.332286,0.368136,0.452855,0.10304,0.109065,12.15,8.67,40.26,130.05
1950.75,0.014845,0.002498,0.401933,4.2,1.3367,-0.000519,0.202947,0.111384,0.196000,0.097577,0.248907,0.196446,0.190632,0.332286,0.368136,0.452855,0.10304,0.109065,11.9,8.66,40.453,131.4
1951,0.014985,0.002775,0.0128,3.5,1.3667,-0.00053,0.240779,0.131582,0.231000,0.115928,0.267152,0.208274,0.193504,0.362549,0.401269,0.485054,0.125742,0.130161,11.46,8.44,39.805,132.87
1951.25,0.01518,0.003085,0,3.1,1.49,-0.000066,0.240779,0.131582,0.231000,0.115928,0.267152,0.208274,0.193504,0.362549,0.401269,0.485054,0.125742,0.130161,10.93,8.55,40.298,134.25
1951.5,0.015427,0.003434,0,3.2,1.6033,0.000294,0.240779,0.131582,0.231000,0.115928,0.267152,0.208274,0.193504,0.362549,0.401269,0.485054,0.125742,0.130161,10.75,8.65,40.767,134.17
1951.75,0.015395,0.003609,0,3.4,1.61,0.00035,0.240779,0.131582,0.231000,0.115928,0.267152,0.208274,0.193504,0.362549,0.401269,0.485054,0.125742,0.130161,10.64,8.47,40.938,134.53
1952,0.015483,0.003667,-0.001402,3.1,1.5667,0.000314,0.260255,0.142595,0.251000,0.125566,0.266277,0.215389,0.197228,0.352004,0.386427,0.465321,0.137228,0.143446,10.77,8.5,41.215,135.48
1952.25,0.015454,0.003814,-0.012771,3,1.6467,0.000466,0.260255,0.142595,0.251000,0.125566,0.266277,0.215389,0.197228,0.352004,0.386427,0.465321,0.137228,0.143446,10.92,8.6,41.415,135.77
1952.5,0.015501,0.003841,0.002214,3.2,1.7833,0.000569,0.260255,0.142595,0.251000,0.125566,0.266277,0.215389,0.197228,0.352004,0.386427,0.465321,0.137228,0.143446,10.25,7.82,41.646,135.9
1952.75,0.015939,0.003917,0,2.8,1.8933,0.000472,0.260255,0.142595,0.251000,0.125566,0.266277,0.215389,0.197228,0.352004,0.386427,0.465321,0.137228,0.143446,11.03,8.52,42.647,137.01
1953,0.016168,0.003995,-0.019672,2.7,1.98,0.000445,0.257648,0.142718,0.249000,0.125756,0.265379,0.215377,0.19668,0.352109,0.388489,0.468334,0.134063,0.140972,11.47,8.99,43.265,137.14
1953.25,0.016235,0.004064,-0.011326,2.6,2.1533,0.000555,0.257648,0.142718,0.249000,0.125756,0.265379,0.215377,0.19668,0.352109,0.388489,0.468334,0.134063,0.140972,11.53,9.05,43.61,136.22
1953.5,0.016073,0.003976,-0.029827,2.7,1.9567,0.000492,0.257648,0.142718,0.249000,0.125756,0.265379,0.215377,0.19668,0.352109,0.388489,0.468334,0.134063,0.140972,11.54,9.26,43.868,135.56
1953.75,0.015754,0.003953,-0.002553,3.7,1.4733,0.000689,0.257648,0.142718,0.249000,0.125756,0.265379,0.215377,0.19668,0.352109,0.388489,0.468334,0.134063,0.140972,11.42,9.15,44.218,134.98
1954,0.015614,0.003848,0,5.3,1.06,0.000692,0.232879,0.134122,0.222000,0.112791,0.251113,0.206261,0.191506,0.328083,0.362397,0.440045,0.114054,0.123093,11.24,8.87,44.483,134.7
1954.25,0.015567,0.003736,0,5.8,0.79,0.000596,0.232879,0.134122,0.222000,0.112791,0.251113,0.206261,0.191506,0.328083,0.362397,0.440045,0.114054,0.123093,11.42,8.78,44.606,133.58
1954.5,0.015673,0.003658,-0.012929,6,0.88333,0.000492,0.232879,0.134122,0.222000,0.112791,0.251113,0.206261,0.191506,0.328083,0.362397,0.440045,0.114054,0.123093,11.88,9.02,45.077,132.17
1954.75,0.015901,0.003638,0,5.3,1.02,0.000421,0.232879,0.134122,0.222000,0.112791,0.251113,0.206261,0.191506,0.328083,0.362397,0.440045,0.114054,0.123093,12.14,8.99,45.662,132.31
1955,0.016285,0.003629,0.012239,4.7,1.2233,0.000256,0.241285,0.138679,0.228000,0.115937,0.258147,0.211709,0.196349,0.337486,0.366735,0.445333,0.119126,0.126759,12.63,9.15,45.917,134.57
1955.25,0.016483,0.003623,0,4.4,1.4833,0.000172,0.241285,0.138679,0.228000,0.115937,0.258147,0.211709,0.196349,0.337486,0.366735,0.445333,0.119126,0.126759,13.18,9.73,46.362,134.56
1955.5,0.016631,0.003643,0,4.1,1.8567,0.000147,0.241285,0.138679,0.228000,0.115937,0.258147,0.211709,0.196349,0.337486,0.366735,0.445333,0.119126,0.126759,13.47,10.23,47.151,136.96
1955.75,0.01665,0.00356,0,4.2,2.3367,0.000019,0.241285,0.138679,0.228000,0.115937,0.258147,0.211709,0.196349,0.337486,0.366735,0.445333,0.119126,0.126759,13.48,10.51,47.435,138.33
1956,0.016513,0.003569,0.002056,4,2.3267,0.000019,0.24455,0.142393,0.232000,0.119418,0.262009,0.21606,0.199363,0.340666,0.372278,0.458142,0.119118,0.12785,13.19,10.31,48.167,138.08
1956.25,0.016581,0.003659,0.001362,4.2,2.5667,0.000082,0.24455,0.142393,0.232000,0.119418,0.262009,0.21606,0.199363,0.340666,0.372278,0.458142,0.119118,0.12785,13.3,10.48,48.774,138.81
1956.5,0.016493,0.003598,0.006715,4.1,2.5833,0.000102,0.24455,0.142393,0.232000,0.119418,0.262009,0.21606,0.199363,0.340666,0.372278,0.458142,0.119118,0.12785,13.28,10.56,49.017,138.97
1956.75,0.016678,0.003677,0.001106,4.1,3.0333,0.000112,0.24455,0.142393,0.232000,0.119418,0.262009,0.21606,0.199363,0.340666,0.372278,0.458142,0.119118,0.12785,13.19,10.53,49.423,138.88
1957,0.016712,0.003754,0,3.9,3.0967,0.00016,0.246161,0.147297,0.232000,0.120438,0.263712,0.220223,0.203198,0.338978,0.370789,0.447437,0.115942,0.126838,13.19,10.61,49.718,139.14
1957.25,0.016607,0.00373,0.0051,4.1,3.14,0.000197,0.246161,0.147297,0.232000,0.120438,0.263712,0.220223,0.203198,0.338978,0.370789,0.447437,0.115942,0.126838,13.06,10.58,49.792,137.77
1957.5,0.016695,0.003747,0,4.2,3.3533,0.000229,0.246161,0.147297,0.232000,0.120438,0.263712,0.220223,0.203198,0.338978,0.370789,0.447437,0.115942,0.126838,13.19,10.81,50.006,137.51
1957.75,0.016447,0.003817,0.021445,4.9,3.31,0.000436,0.246161,0.147297,0.232000,0.120438,0.263712,0.220223,0.203198,0.338978,0.370789,0.447437,0.115942,0.126838,12.95,10.52,50.432,135.23
1958,0.015959,0.003755,0.001472,6.3,1.7567,0.000538,0.242933,0.145954,0.229000,0.119029,0.257839,0.217605,0.201217,0.325997,0.358418,0.440183,0.113553,0.124829,12.15,9.76,49.842,133.12
1958.25,0.016002,0.003859,0,7.4,0.95667,0.000724,0.242933,0.145954,0.229000,0.119029,0.257839,0.217605,0.201217,0.325997,0.358418,0.440183,0.113553,0.124829,11.8,9.34,49.955,132.44
1958.5,0.016304,0.003869,0,7.3,1.68,0.000633,0.242933,0.145954,0.229000,0.119029,0.257839,0.217605,0.201217,0.325997,0.358418,0.440183,0.113553,0.124829,11.97,9.2,51.143,132.34
1958.75,0.016608,0.00393,0,6.4,2.69,0.000607,0.242933,0.145954,0.229000,0.119029,0.257839,0.217605,0.201217,0.325997,0.358418,0.440183,0.113553,0.124829,12.71,9.54,51.299,135.47
1959,0.016848,0.003877,0.002998,5.8,2.7733,0.000462,0.252763,0.153667,0.236000,0.123276,0.268776,0.228031,0.211523,0.338553,0.370411,0.445188,0.117089,0.128574,13.49,9.84,51.713,136.37
1959.25,0.01719,0.003902,0,5.1,3,0.000344,0.252763,0.153667,0.236000,0.123276,0.268776,0.228031,0.211523,0.338553,0.370411,0.445188,0.117089,0.128574,13.93,10.14,52.064,137.87
1959.5,0.017086,0.003901,0,5.3,3.54,0.000482,0.252763,0.153667,0.236000,0.123276,0.268776,0.228031,0.211523,0.338553,0.370411,0.445188,0.117089,0.128574,14.1,10.46,52.097,137.54
1959.75,0.017076,0.003839,0,5.6,4.23,0.000452,0.252763,0.153667,0.236000,0.123276,0.268776,0.228031,0.211523,0.338553,0.370411,0.445188,0.117089,0.128574,13.91,10.42,52.276,136.79
1960,0.017391,0.003758,0,5.1,3.8733,0.000099,0.252969,0.158571,0.234000,0.122655,0.277167,0.238628,0.221171,0.344353,0.375491,0.451365,0.112188,0.126911,14.39,10.82,53.347,136.86
1960.25,0.017264,0.003782,0.005337,5.2,2.9933,0.0002,0.252969,0.158571,0.234000,0.122655,0.277167,0.238628,0.221171,0.344353,0.375491,0.451365,0.112188,0.126911,14.11,10.99,53.372,138.08
1960.5,0.017237,0.00388,0,5.5,2.36,0.00029,0.252969,0.158571,0.234000,0.122655,0.277167,0.238628,0.221171,0.344353,0.375491,0.451365,0.112188,0.126911,13.73,10.72,53.655,139.5
1960.75,0.01695,0.003913,0,6.3,2.3067,0.000401,0.252969,0.158571,0.234000,0.122655,0.277167,0.238628,0.221171,0.344353,0.375491,0.451365,0.112188,0.126911,13.67,10.66,53.534,138.21
1961,0.016997,0.003948,0.014231,6.8,2.35,0.000458,0.257659,0.15926,0.240000,0.124328,0.276654,0.238133,0.221179,0.34159,0.373186,0.459359,0.117039,0.132095,13.5,10.43,53.899,139.36
1961.25,0.017246,0.003957,0.056966,7,2.3033,0.000495,0.257659,0.15926,0.240000,0.124328,0.276654,0.238133,0.221179,0.34159,0.373186,0.459359,0.117039,0.132095,13.7,10.65,54.674,137.4
1961.5,0.017463,0.004014,0.006279,6.8,2.3033,0.000461,0.257659,0.15926,0.240000,0.124328,0.276654,0.238133,0.221179,0.34159,0.373186,0.459359,0.117039,0.132095,14.03,10.74,54.87,137.53
1961.75,0.017739,0.004093,-0.00176,6.2,2.46,0.000406,0.257659,0.15926,0.240000,0.124328,0.276654,0.238133,0.221179,0.34159,0.373186,0.459359,0.117039,0.132095,14.5,11.1,55.194,140.56
1962,0.017993,0.004166,0.003439,5.6,2.7233,0.000499,0.261266,0.161639,0.244000,0.125682,0.27603,0.244613,0.225373,0.331502,0.356716,0.42751,0.118835,0.135326,14.81,11.36,55.856,140.71
1962.25,0.018124,0.004184,0,5.5,2.7167,0.000493,0.261266,0.161639,0.244000,0.125682,0.27603,0.244613,0.225373,0.331502,0.356716,0.42751,0.118835,0.135326,15.26,11.7,56.023,141.78
1962.5,0.018227,0.004267,0,5.6,2.84,0.000472,0.261266,0.161639,0.244000,0.125682,0.27603,0.244613,0.225373,0.331502,0.356716,0.42751,0.118835,0.135326,15.38,11.85,56.257,141.51
1962.75,0.018223,0.004286,0,5.5,2.8133,0.000487,0.261266,0.161639,0.244000,0.125682,0.27603,0.244613,0.225373,0.331502,0.356716,0.42751,0.118835,0.135326,15.31,11.77,56.628,141.09
1963,0.018364,0.004258,0,5.8,2.9067,0.000386,0.266095,0.168302,0.247000,0.127598,0.28087,0.241099,0.227489,0.325171,0.350281,0.420512,0.117582,0.136866,15.49,11.75,57.01,141.53
1963.25,0.018544,0.00425,0,5.7,2.94,0.000323,0.266095,0.168302,0.247000,0.127598,0.28087,0.241099,0.227489,0.325171,0.350281,0.420512,0.117582,0.136866,16.2,12.12,57.193,141.74
1963.5,0.018836,0.004398,-0.011237,5.5,3.2933,0.000377,0.266095,0.168302,0.247000,0.127598,0.28087,0.241099,0.227489,0.325171,0.350281,0.420512,0.117582,0.136866,16.62,12.49,57.427,142.5
1963.75,0.018896,0.004377,0,5.6,3.4967,0.000361,0.266095,0.168302,0.247000,0.127598,0.28087,0.241099,0.227489,0.325171,0.350281,0.420512,0.117582,0.136866,17.16,12.9,57.924,143.83
1964,0.019243,0.004395,-0.007024,5.5,3.53,0.000459,0.238994,0.15458,0.221000,0.115149,0.267639,0.237584,0.229605,0.318841,0.343847,0.413515,0.099849,0.119626,17.81,13.22,57.504,143.62
1964.25,0.019412,0.004423,0,5.2,3.4767,0.000585,0.238994,0.15458,0.221000,0.115149,0.267639,0.237584,0.229605,0.318841,0.343847,0.413515,0.099849,0.119626,17.76,13.56,58.051,146.03
1964.5,0.019606,0.004437,0,5,3.4967,0.000484,0.238994,0.15458,0.221000,0.115149,0.267639,0.237584,0.229605,0.318841,0.343847,0.413515,0.099849,0.119626,18.05,14.02,58.684,145.8
1964.75,0.019603,0.004404,0,5,3.6833,0.000399,0.238994,0.15458,0.221000,0.115149,0.267639,0.237584,0.229605,0.318841,0.343847,0.413515,0.099849,0.119626,18.18,14.31,58.844,145.7
1965,0.02003,0.004394,0.00315,4.9,3.89,0.000267,0.22933,0.150503,0.212000,0.111845,0.267072,0.241608,0.232733,0.322556,0.347943,0.418851,0.092793,0.112767,19.01,15.27,58.908,148.21
1965.25,0.02025,0.004441,0.001946,4.7,3.8733,0.000274,0.22933,0.150503,0.212000,0.111845,0.267072,0.241608,0.232733,0.322556,0.347943,0.418851,0.092793,0.112767,19.54,15.85,58.924,149.47
1965.5,0.020594,0.004601,0.019116,4.4,3.8667,0.000489,0.22933,0.150503,0.212000,0.111845,0.267072,0.241608,0.232733,0.322556,0.347943,0.418851,0.092793,0.112767,20.07,16.45,59.372,150.2
1965.75,0.021008,0.004715,0,4.1,4.1667,0.000492,0.22933,0.150503,0.212000,0.111845,0.267072,0.241608,0.232733,0.322556,0.347943,0.418851,0.092793,0.112767,20.52,17.15,59.937,151.63
1966,0.021473,0.004791,0,3.9,4.61,0.000404,0.242062,0.156099,0.212000,0.105171,0.274939,0.245631,0.235862,0.326272,0.35204,0.424188,0.101864,0.119385,21.28,17.89,60.417,152.47
1966.25,0.021506,0.004865,0.001254,3.8,4.5867,0.00041,0.242062,0.156099,0.212000,0.105171,0.274939,0.245631,0.235862,0.326272,0.35204,0.424188,0.101864,0.119385,21.01,18.17,60.831,153.27
1966.5,0.021595,0.005009,0.013628,3.8,5.0433,0.000516,0.242062,0.156099,0.212000,0.105171,0.274939,0.245631,0.235862,0.326272,0.35204,0.424188,0.101864,0.119385,21,18.39,61.174,154.92
1966.75,0.021711,0.005063,0.026559,3.7,5.21,0.000572,0.242062,0.156099,0.212000,0.105171,0.274939,0.245631,0.235862,0.326272,0.35204,0.424188,0.101864,0.119385,20.37,18.35,61.492,154.28
1967,0.021855,0.00526,0.046474,3.8,4.5133,0.000796,0.24463,0.174678,0.215000,0.121423,0.278222,0.247076,0.232768,0.335386,0.363086,0.435605,0.084757,0.106509,19.89,17.96,62.161,154.02
1967.25,0.021821,0.005251,0.007092,3.8,3.66,0.000746,0.24463,0.174678,0.215000,0.121423,0.278222,0.247076,0.232768,0.335386,0.363086,0.435605,0.084757,0.106509,20.4,17.89,62.782,152.71
1967.5,0.02195,0.005304,0.004465,3.8,4.3,0.000785,0.24463,0.174678,0.215000,0.121423,0.278222,0.247076,0.232768,0.335386,0.363086,0.435605,0.084757,0.106509,20.6,17.8,62.998,154.36
1967.75,0.022062,0.005356,-0.011539,3.9,4.7533,0.000724,0.24463,0.174678,0.215000,0.121423,0.278222,0.247076,0.232768,0.335386,0.363086,0.435605,0.084757,0.106509,21.24,18.17,63.166,156.2
1968,0.022461,0.005446,0.005661,3.7,5.05,0.000636,0.273124,0.188322,0.238000,0.133988,0.293641,0.259073,0.241685,0.356409,0.385493,0.457315,0.104477,0.120104,21.75,18.74,64.23,154.93
1968.25,0.02279,0.005472,-0.025572,3.6,5.52,0.000669,0.273124,0.188322,0.238000,0.133988,0.293641,0.259073,0.241685,0.356409,0.385493,0.457315,0.104477,0.120104,21.64,18.41,64.645,155.79
1968.5,0.022893,0.005495,0,3.5,5.1967,0.000459,0.273124,0.188322,0.238000,0.133988,0.293641,0.259073,0.241685,0.356409,0.385493,0.457315,0.104477,0.120104,21.96,18.66,64.821,156.85
1968.75,0.022932,0.005501,0,3.4,5.5867,0.000433,0.273124,0.188322,0.238000,0.133988,0.293641,0.259073,0.241685,0.356409,0.385493,0.457315,0.104477,0.120104,22.5,19.21,65.299,157.32
1969,0.023239,0.005486,0,3.4,6.0933,0.000175,0.285163,0.20107,0.250000,0.141802,0.305639,0.274584,0.257137,0.36564,0.395176,0.473511,0.105256,0.126076,23.21,19.78,65.392,158.13
1969.25,0.023262,0.005479,0,3.4,6.1967,0.000196,0.285163,0.20107,0.250000,0.141802,0.305639,0.274584,0.257137,0.36564,0.395176,0.473511,0.105256,0.126076,23.31,20,65.416,158.54
1969.5,0.023344,0.005519,0,3.6,7.0233,0.00036,0.285163,0.20107,0.250000,0.141802,0.305639,0.274584,0.257137,0.36564,0.395176,0.473511,0.105256,0.126076,23.7,20.54,65.677,158.95
1969.75,0.023173,0.005439,0,3.6,7.3533,0.000396,0.285163,0.20107,0.250000,0.141802,0.305639,0.274584,0.257137,0.36564,0.395176,0.473511,0.105256,0.126076,23.1,20.41,65.927,159.56
1970,0.023074,0.005462,-0.004804,4.2,7.21,0.000613,0.26954,0.188426,0.237000,0.130049,0.294217,0.26817,0.249645,0.345806,0.371698,0.443785,0.099946,0.122939,23.02,20.29,66.056,159.19
1970.25,0.023045,0.005399,-0.002848,4.8,6.6767,0.000797,0.26954,0.188426,0.237000,0.130049,0.294217,0.26817,0.249645,0.345806,0.371698,0.443785,0.099946,0.122939,22.51,20.18,66.171,158.1
1970.5,0.023172,0.005454,0,5.2,6.3267,0.000913,0.26954,0.188426,0.237000,0.130049,0.294217,0.26817,0.249645,0.345806,0.371698,0.443785,0.099946,0.122939,22.91,20.29,66.554,156.79
1970.75,0.022854,0.005452,0,5.8,5.3533,0.001005,0.26954,0.188426,0.237000,0.130049,0.294217,0.26817,0.249645,0.345806,0.371698,0.443785,0.099946,0.122939,22.93,19.53,66.24,156.06
1971,0.023392,0.005421,0,5.9,3.84,0.000907,0.259073,0.18322,0.227000,0.123212,0.288426,0.262517,0.243699,0.338504,0.3634,0.431452,0.092868,0.118373,23.44,19.71,67.045,157.13
1971.25,0.023458,0.005423,0,5.9,4.25,0.001089,0.259073,0.18322,0.227000,0.123212,0.288426,0.262517,0.243699,0.338504,0.3634,0.431452,0.092868,0.118373,24.41,20,67.407,156.2
1971.5,0.023571,0.005426,0,6,5.01,0.001066,0.259073,0.18322,0.227000,0.123212,0.288426,0.262517,0.243699,0.338504,0.3634,0.431452,0.092868,0.118373,24.87,20.08,67.661,156.42
1971.75,0.023564,0.005409,0,5.9,4.23,0.001005,0.259073,0.18322,0.227000,0.123212,0.288426,0.262517,0.243699,0.338504,0.3634,0.431452,0.092868,0.118373,25.55,20.51,67.627,158.53
1972,0.023928,0.005514,0,5.8,3.4367,0.000855,0.266558,0.18364,0.231000,0.122151,0.299909,0.274075,0.249395,0.349137,0.37317,0.440846,0.10157,0.123995,26.7,21.2,68.948,161.05
1972.25,0.024425,0.005558,0,5.7,3.77,0.001021,0.266558,0.18364,0.231000,0.122151,0.299909,0.274075,0.249395,0.349137,0.37317,0.440846,0.10157,0.123995,27.17,21.55,69.311,161.32
1972.5,0.024587,0.005441,0,5.6,4.22,0.000768,0.266558,0.18364,0.231000,0.122151,0.299909,0.274075,0.249395,0.349137,0.37317,0.440846,0.10157,0.123995,27.47,21.89,69.672,162.45
1972.75,0.024928,0.005493,0,5.4,4.8633,0.001026,0.266558,0.18364,0.231000,0.122151,0.299909,0.274075,0.249395,0.349137,0.37317,0.440846,0.10157,0.123995,28.75,23.03,70.259,163.11
1973,0.025486,0.005562,0,4.9,5.7,0.000681,0.285647,0.201145,0.239000,0.128464,0.29956,0.279328,0.255886,0.337764,0.356841,0.413947,0.105779,0.126829,29.96,24.11,70.995,163.95
1973.25,0.025718,0.005531,0,4.9,6.6033,0.000764,0.285647,0.201145,0.239000,0.128464,0.29956,0.279328,0.255886,0.337764,0.356841,0.413947,0.105779,0.126829,30.22,25.09,70.512,166.61
1973.5,0.025516,0.005427,-0.003527,4.8,8.3233,0.000554,0.285647,0.201145,0.239000,0.128464,0.29956,0.279328,0.255886,0.337764,0.356841,0.413947,0.105779,0.126829,30.13,25.51,70.344,167.74
1973.75,0.02569,0.005449,0.00348,4.8,7.5,0.000537,0.285647,0.201145,0.239000,0.128464,0.29956,0.279328,0.255886,0.337764,0.356841,0.413947,0.105779,0.126829,29.83,25.71,69.994,168.73
1974,0.025423,0.005547,0,5.1,7.6167,0.000583,0.301212,0.211066,0.247000,0.134837,0.306162,0.285742,0.258519,0.346582,0.365523,0.42506,0.114263,0.129644,29.13,25.69,69.513,168.6
1974.25,0.025437,0.005592,0,5.2,8.1533,0.000481,0.301212,0.211066,0.247000,0.134837,0.306162,0.285742,0.258519,0.346582,0.365523,0.42506,0.114263,0.129644,28.71,25.63,69.46,168.33
1974.5,0.025129,0.005598,0,5.6,8.19,0.000638,0.301212,0.211066,0.247000,0.134837,0.306162,0.285742,0.258519,0.346582,0.365523,0.42506,0.114263,0.129644,28.2,25.33,69.557,168.33
1974.75,0.024961,0.005618,0,6.6,7.36,0.000832,0.301212,0.211066,0.247000,0.134837,0.306162,0.285742,0.258519,0.346582,0.365523,0.42506,0.114263,0.129644,26.6,24.62,69.332,166.87
1975,0.024608,0.005648,0,8.3,5.75,0.001211,0.305077,0.204309,0.254000,0.128676,0.291036,0.272584,0.240396,0.326917,0.341412,0.389886,0.126641,0.143832,24.97,23.11,69.904,163.81
1975.25,0.024743,0.005613,0,8.9,5.3933,0.002008,0.305077,0.204309,0.254000,0.128676,0.291036,0.272584,0.240396,0.326917,0.341412,0.389886,0.126641,0.143832,24.62,22.51,70.537,163.22
1975.5,0.025077,0.005663,0,8.5,6.33,0.001449,0.305077,0.204309,0.254000,0.128676,0.291036,0.272584,0.240396,0.326917,0.341412,0.389886,0.126641,0.143832,25.24,22.71,70.374,163.33
1975.75,0.025347,0.005703,0,8.3,5.6267,0.001444,0.305077,0.204309,0.254000,0.128676,0.291036,0.272584,0.240396,0.326917,0.341412,0.389886,0.126641,0.143832,25.71,22.93,70.234,165.6
1976,0.025863,0.005711,0.002265,7.7,4.9167,0.001263,0.308886,0.207089,0.257000,0.131775,0.301148,0.280934,0.247045,0.340599,0.356515,0.407168,0.128385,0.144231,26.77,23.34,70.776,168.47
1976.25,0.026005,0.005646,0,7.6,5.1567,0.001133,0.308886,0.207089,0.257000,0.131775,0.301148,0.280934,0.247045,0.340599,0.356515,0.407168,0.128385,0.144231,27.23,23.62,71.464,170.43
1976.5,0.026072,0.005584,0,7.7,5.15,0.001174,0.308886,0.207089,0.257000,0.131775,0.301148,0.280934,0.247045,0.340599,0.356515,0.407168,0.128385,0.144231,27.52,24.14,71.818,172.33
1976.75,0.026196,0.005572,0,7.8,4.6733,0.001234,0.308886,0.207089,0.257000,0.131775,0.301148,0.280934,0.247045,0.340599,0.356515,0.407168,0.128385,0.144231,28.93,24.62,72.294,173.81
1977,0.026439,0.005609,0,7.5,4.63,0.001016,0.328182,0.210571,0.277000,0.134747,0.304242,0.283405,0.243485,0.344172,0.359578,0.407039,0.148982,0.164407,29.98,25.58,72.337,175.23
1977.25,0.026894,0.005654,0,7.1,4.84,0.001003,0.328182,0.210571,0.277000,0.134747,0.304242,0.283405,0.243485,0.344172,0.359578,0.407039,0.148982,0.164407,31.65,26.32,72.55,177.57
1977.5,0.027295,0.005647,-0.002427,6.9,5.4967,0.001053,0.328182,0.210571,0.277000,0.134747,0.304242,0.283405,0.243485,0.344172,0.359578,0.407039,0.148982,0.164407,32.06,26.87,72.949,179.57
1977.75,0.027219,0.005624,0,6.7,6.11,0.001063,0.328182,0.210571,0.277000,0.134747,0.304242,0.283405,0.243485,0.344172,0.359578,0.407039,0.148982,0.164407,32.64,27.77,73.133,180.84
1978,0.027249,0.005611,0,6.3,6.3933,0.001094,0.337183,0.219723,0.284000,0.141497,0.303793,0.287833,0.251176,0.334756,0.347458,0.39086,0.150537,0.16599,32.91,28.04,73.933,182.46
1978.25,0.028238,0.00572,0,6,6.4767,0.000836,0.337183,0.219723,0.284000,0.141497,0.303793,0.287833,0.251176,0.334756,0.347458,0.39086,0.150537,0.16599,35.3,30.41,73.601,187.59
1978.5,0.028433,0.005737,0,6,7.3133,0.00082,0.337183,0.219723,0.284000,0.141497,0.303793,0.287833,0.251176,0.334756,0.347458,0.39086,0.150537,0.16599,36.32,31.49,73.675,188.43
1978.75,0.02873,0.005757,0,5.9,8.57,0.000763,0.337183,0.219723,0.284000,0.141497,0.303793,0.287833,0.251176,0.334756,0.347458,0.39086,0.150537,0.16599,37.09,32.53,74.057,190.23
1979,0.028712,0.005704,0.004432,5.9,9.3833,0.000612,0.339178,0.223648,0.273000,0.142145,0.306805,0.290321,0.250991,0.338374,0.350067,0.393945,0.148812,0.152537,37.37,33.24,74.252,191.07
1979.25,0.028672,0.005714,0,5.7,9.3767,0.000619,0.339178,0.223648,0.273000,0.142145,0.306805,0.290321,0.250991,0.338374,0.350067,0.393945,0.148812,0.152537,37.08,33.14,73.958,192.34
1979.5,0.028793,0.005734,0,5.9,9.6733,0.000686,0.339178,0.223648,0.273000,0.142145,0.306805,0.290321,0.250991,0.338374,0.350067,0.393945,0.148812,0.152537,37.76,34.17,73.641,193.72
1979.75,0.028775,0.005798,0,6,11.843,0.000727,0.339178,0.223648,0.273000,0.142145,0.306805,0.290321,0.250991,0.338374,0.350067,0.393945,0.148812,0.152537,37.4,34.26,73.653,194.35
1980,0.028788,0.00588,0.061925,6.3,13.353,0.000871,0.35466,0.232032,0.286000,0.150204,0.30836,0.291345,0.251344,0.341612,0.354106,0.397538,0.159679,0.159798,36.88,34.63,73.39,193.17
1980.25,0.028127,0.005896,0,7.3,9.6167,0.001112,0.35466,0.232032,0.286000,0.150204,0.30836,0.291345,0.251344,0.341612,0.354106,0.397538,0.159679,0.159798,33.67,32.88,73.567,189.06
1980.5,0.028001,0.005794,0,7.7,9.1533,0.001168,0.35466,0.232032,0.286000,0.150204,0.30836,0.291345,0.251344,0.341612,0.354106,0.397538,0.159679,0.159798,34,33.12,73.651,189.46
1980.75,0.028439,0.005827,0,7.4,13.613,0.000994,0.35466,0.232032,0.286000,0.150204,0.30836,0.291345,0.251344,0.341612,0.354106,0.397538,0.159679,0.159798,35.35,33.82,73.869,191.67
1981,0.028967,0.005883,0.024887,7.4,14.39,0.000881,0.369994,0.243698,0.294000,0.154762,0.313845,0.304578,0.26658,0.331582,0.337916,0.366695,0.166991,0.164732,35.61,34.37,73.669,194.02
1981.25,0.028693,0.005879,0,7.4,14.907,0.000858,0.369994,0.243698,0.294000,0.154762,0.313845,0.304578,0.26658,0.331582,0.337916,0.366695,0.166991,0.164732,35.85,35.06,73.567,194
1981.5,0.028945,0.005815,0,7.4,15.053,0.000825,0.369994,0.243698,0.294000,0.154762,0.313845,0.304578,0.26658,0.331582,0.337916,0.366695,0.166991,0.164732,35.85,35.91,73.705,192.99
1981.75,0.02853,0.005898,0,8.2,11.75,0.001168,0.369994,0.243698,0.294000,0.154762,0.313845,0.304578,0.26658,0.331582,0.337916,0.366695,0.166991,0.164732,35.72,36.78,73.64,191.82
1982,0.027992,0.005878,0,8.8,12.813,0.00128,0.351194,0.232281,0.275000,0.142740,0.304306,0.29628,0.260869,0.319468,0.324715,0.354161,0.154891,0.154283,34.64,35.91,74.664,188.66
1982.25,0.028084,0.00591,0,9.4,12.42,0.00138,0.351194,0.232281,0.275000,0.142740,0.304306,0.29628,0.260869,0.319468,0.324715,0.354161,0.154891,0.154283,33.43,34.62,74.455,189.78
1982.5,0.027913,0.005923,0,9.9,9.3167,0.001654,0.351194,0.232281,0.275000,0.142740,0.304306,0.29628,0.260869,0.319468,0.324715,0.354161,0.154891,0.154283,32.49,33.45,74.328,189.23
1982.75,0.027869,0.006029,0,10.7,7.9067,0.001869,0.351194,0.232281,0.275000,0.142740,0.304306,0.29628,0.260869,0.319468,0.324715,0.354161,0.154891,0.154283,32.44,32.78,74.599,188.27
1983,0.028176,0.006062,0,10.4,8.1067,0.001924,0.335466,0.222536,0.256000,0.132679,0.299827,0.294472,0.265692,0.309625,0.31509,0.342307,0.145254,0.142186,33.15,32.17,74.927,189.5
1983.25,0.028761,0.006107,0,10.1,8.3967,0.001741,0.335466,0.222536,0.256000,0.132679,0.299827,0.294472,0.265692,0.309625,0.31509,0.342307,0.145254,0.142186,34.43,32.56,74.745,191.43
1983.5,0.029253,0.006187,0,9.4,9.14,0.001951,0.335466,0.222536,0.256000,0.132679,0.299827,0.294472,0.265692,0.309625,0.31509,0.342307,0.145254,0.142186,36.49,34.03,74.437,195.37
1983.75,0.029784,0.006059,0,8.5,8.8,0.001823,0.335466,0.222536,0.256000,0.132679,0.299827,0.294472,0.265692,0.309625,0.31509,0.342307,0.145254,0.142186,38.63,36.24,74.601,197.94
1984,0.030317,0.006154,0,7.9,9.17,0.001658,0.336758,0.2268,0.254000,0.134036,0.295328,0.296799,0.276779,0.292767,0.295427,0.320882,0.142212,0.138533,39.84,37.42,74.44,201.19
1984.25,0.030789,0.006282,0,7.4,9.7967,0.001705,0.336758,0.2268,0.254000,0.134036,0.295328,0.296799,0.276779,0.292767,0.295427,0.320882,0.142212,0.138533,41.48,39.28,74.516,204.69
1984.5,0.031019,0.006319,0,7.4,10.32,0.001748,0.336758,0.2268,0.254000,0.134036,0.295328,0.296799,0.276779,0.292767,0.295427,0.320882,0.142212,0.138533,42.36,40.57,75.026,205.75
1984.75,0.031187,0.006427,0,7.3,8.8033,0.001886,0.336758,0.2268,0.254000,0.134036,0.295328,0.296799,0.276779,0.292767,0.295427,0.320882,0.142212,0.138533,43.12,41.55,75.006,206.43
1985,0.031437,0.006489,0,7.2,8.1833,0.001577,0.344025,0.229155,0.260000,0.134339,0.29966,0.300077,0.281509,0.298938,0.301705,0.328318,0.149018,0.145162,43.45,42.03,75.275,208.04
1985.25,0.031661,0.006612,0,7.3,7.46,0.00198,0.344025,0.229155,0.260000,0.134339,0.29966,0.300077,0.281509,0.298938,0.301705,0.328318,0.149018,0.145162,44,42.63,75.33,208.47
1985.5,0.032073,0.006748,0,7.2,7.1067,0.001811,0.344025,0.229155,0.260000,0.134339,0.29966,0.300077,0.281509,0.298938,0.301705,0.328318,0.149018,0.145162,43.65,41.98,75.953,210
1985.75,0.03223,0.006775,0,7,7.1667,0.001863,0.344025,0.229155,0.260000,0.134339,0.29966,0.300077,0.281509,0.298938,0.301705,0.328318,0.149018,0.145162,44.47,42.7,76.665,212.46
1986,0.032463,0.006787,0,7,6.8967,0.001809,0.346821,0.229084,0.259000,0.136133,0.300121,0.297386,0.278599,0.304758,0.311256,0.341017,0.152723,0.142229,44.53,42.11,77.359,213.21
1986.25,0.032545,0.0069,0,7.2,6.14,0.001926,0.346821,0.229084,0.259000,0.136133,0.300121,0.297386,0.278599,0.304758,0.311256,0.341017,0.152723,0.142229,44.43,41.06,78.658,214.38
1986.5,0.032794,0.007049,0,7,5.5233,0.002065,0.346821,0.229084,0.259000,0.136133,0.300121,0.297386,0.278599,0.304758,0.311256,0.341017,0.152723,0.142229,44.18,40.46,79.185,215.55
1986.75,0.032882,0.007005,-0.019352,6.8,5.3533,0.001726,0.346821,0.229084,0.259000,0.136133,0.300121,0.297386,0.278599,0.304758,0.311256,0.341017,0.152723,0.142229,44.47,40.87,79.74,217.57
1987,0.033047,0.007033,0,6.6,5.5367,0.001735,0.321282,0.235924,0.237000,0.136993,0.312712,0.3055,0.282868,0.32468,0.328815,0.346971,0.111713,0.115882,43.59,39.75,79.174,219.75
1987.25,0.033349,0.00709,0,6.3,5.6567,0.001387,0.321282,0.235924,0.237000,0.136993,0.312712,0.3055,0.282868,0.32468,0.328815,0.346971,0.111713,0.115882,44.37,40.7,78.91,221.39
1987.5,0.03357,0.007097,0,6,6.0433,0.00145,0.321282,0.235924,0.237000,0.136993,0.312712,0.3055,0.282868,0.32468,0.328815,0.346971,0.111713,0.115882,45.31,42.01,78.929,222.6
1987.75,0.034038,0.007143,0,5.8,5.8633,0.001472,0.321282,0.235924,0.237000,0.136993,0.312712,0.3055,0.282868,0.32468,0.328815,0.346971,0.111713,0.115882,45.31,41.92,79.249,224.07
1988,0.034159,0.007093,-0.048182,5.7,5.7233,0.001411,0.303428,0.238276,0.218000,0.138425,0.30797,0.306037,0.286013,0.31094,0.312206,0.324311,0.085533,0.092359,45.25,42.24,80.101,225.61
1988.25,0.034541,0.007102,0,5.5,6.21,0.001351,0.303428,0.238276,0.218000,0.138425,0.30797,0.306037,0.286013,0.31094,0.312206,0.324311,0.085533,0.092359,46.13,43.28,80.227,227.5
1988.5,0.034653,0.007052,0,5.5,7.01,0.001254,0.303428,0.238276,0.218000,0.138425,0.30797,0.306037,0.286013,0.31094,0.312206,0.324311,0.085533,0.092359,46.31,43.5,80.311,227.87
1988.75,0.035021,0.007159,-0.011095,5.3,7.7267,0.001281,0.303428,0.238276,0.218000,0.138425,0.30797,0.306037,0.286013,0.31094,0.312206,0.324311,0.085533,0.092359,46.78,43.96,80.165,229.54
1989,0.035302,0.007133,0,5.2,8.54,0.001126,0.305689,0.239443,0.218000,0.137889,0.314206,0.310215,0.289243,0.320499,0.322445,0.332546,0.087102,0.092924,47.24,44.71,79.58,230.96
1989.25,0.035503,0.007229,0,5.2,8.41,0.001224,0.305689,0.239443,0.218000,0.137889,0.314206,0.310215,0.289243,0.320499,0.322445,0.332546,0.087102,0.092924,47.31,45.34,78.717,231.69
1989.5,0.035672,0.007274,0,5.2,7.8433,0.001267,0.305689,0.239443,0.218000,0.137889,0.314206,0.310215,0.289243,0.320499,0.322445,0.332546,0.087102,0.092924,48.13,46.64,78.85,233.03
1989.75,0.035647,0.0073,-0.088873,5.4,7.6533,0.001261,0.305689,0.239443,0.218000,0.137889,0.314206,0.310215,0.289243,0.320499,0.322445,0.332546,0.087102,0.092924,47.34,45.95,79.285,234.72
1990,0.035956,0.00741,0,5.3,7.76,0.001433,0.306822,0.240515,0.217000,0.136105,0.313351,0.310812,0.291629,0.317362,0.318801,0.328949,0.087305,0.09364,47.93,46.56,79.548,235.71
1990.25,0.035988,0.0074,0,5.3,7.7467,0.001411,0.306822,0.240515,0.217000,0.136105,0.313351,0.310812,0.291629,0.317362,0.318801,0.328949,0.087305,0.09364,46.82,45.76,80.365,236.07
1990.5,0.035872,0.00738,0,5.7,7.4767,0.00138,0.306822,0.240515,0.217000,0.136105,0.313351,0.310812,0.291629,0.317362,0.318801,0.328949,0.087305,0.09364,46.31,46.05,80.116,235.8
1990.75,0.035439,0.007475,0.018592,6.1,6.99,0.001614,0.306822,0.240515,0.217000,0.136105,0.313351,0.310812,0.291629,0.317362,0.318801,0.328949,0.087305,0.09364,44.99,45.17,79.485,234.13
1991,0.035163,0.007475,0,6.6,6.0233,0.001274,0.310422,0.242939,0.219000,0.135057,0.313263,0.310053,0.293565,0.318428,0.320832,0.337972,0.089138,0.097051,43.45,44,79.529,232.04
1991.25,0.035325,0.007455,0,6.8,5.56,0.001598,0.310422,0.242939,0.219000,0.135057,0.313263,0.310053,0.293565,0.318428,0.320832,0.337972,0.089138,0.097051,43.39,43.58,80.686,231.52
1991.5,0.03537,0.007408,0,6.9,5.3767,0.001781,0.310422,0.242939,0.219000,0.135057,0.313263,0.310053,0.293565,0.318428,0.320832,0.337972,0.089138,0.097051,43.53,43.17,81.16,231.44
1991.75,0.035399,0.007365,-0.018027,7.1,4.54,0.001763,0.310422,0.242939,0.219000,0.135057,0.313263,0.310053,0.293565,0.318428,0.320832,0.337972,0.089138,0.097051,43.61,42.94,81.648,231.89
1992,0.035713,0.007427,0,7.4,3.8933,0.001963,0.308465,0.244204,0.217000,0.136567,0.312185,0.307126,0.289101,0.319956,0.322317,0.339913,0.085024,0.093155,44.07,42.75,83.332,233.16
1992.25,0.035989,0.007421,0,7.6,3.68,0.001996,0.308465,0.244204,0.217000,0.136567,0.312185,0.307126,0.289101,0.319956,0.322317,0.339913,0.085024,0.093155,45.8,44.45,83.546,233.55
1992.5,0.036206,0.007451,0,7.6,3.0833,0.002036,0.308465,0.244204,0.217000,0.136567,0.312185,0.307126,0.289101,0.319956,0.322317,0.339913,0.085024,0.093155,46.49,45.34,83.961,233.26
1992.75,0.03644,0.007402,0,7.4,3.07,0.001933,0.308465,0.244204,0.217000,0.136567,0.312185,0.307126,0.289101,0.319956,0.322317,0.339913,0.085024,0.093155,47.94,46.71,83.779,233.68
1993,0.036398,0.00729,0,7.1,2.96,0.001951,0.318177,0.249236,0.224000,0.140023,0.316463,0.307782,0.287779,0.32999,0.336858,0.363852,0.091827,0.09765,48.22,47,82.732,235.35
1993.25,0.036506,0.007274,0,7.1,2.9667,0.001725,0.318177,0.249236,0.224000,0.140023,0.316463,0.307782,0.287779,0.32999,0.336858,0.363852,0.091827,0.09765,49.3,48.26,82.757,236.05
1993.5,0.03656,0.007258,0,6.8,3.0033,0.001764,0.318177,0.249236,0.224000,0.140023,0.316463,0.307782,0.287779,0.32999,0.336858,0.363852,0.091827,0.09765,50.17,48.79,82.478,237.71
1993.75,0.036927,0.007253,0,6.6,3.06,0.001562,0.318177,0.249236,0.224000,0.140023,0.316463,0.307782,0.287779,0.32999,0.336858,0.363852,0.091827,0.09765,52.4,50.84,82.517,239.93
1994,0.037188,0.00716,0,6.6,3.2433,0.001402,0.329251,0.253305,0.230000,0.142237,0.319243,0.308792,0.288665,0.335483,0.343561,0.373543,0.101709,0.102316,53.1,51.35,81.804,238.66
1994.25,0.037588,0.007199,0,6.2,3.9867,0.00126,0.329251,0.253305,0.230000,0.142237,0.319243,0.308792,0.288665,0.335483,0.343561,0.373543,0.101709,0.102316,54.38,52.38,82.024,242.57
1994.5,0.037689,0.007302,0,6,4.4767,0.001378,0.329251,0.253305,0.230000,0.142237,0.319243,0.308792,0.288665,0.335483,0.343561,0.373543,0.101709,0.102316,54.92,53.37,81.381,243.65
1994.75,0.037998,0.007238,0,5.6,5.28,0.001349,0.329251,0.253305,0.230000,0.142237,0.319243,0.308792,0.288665,0.335483,0.343561,0.373543,0.101709,0.102316,56.42,55.73,81.656,244.62
1995,0.038025,0.007257,0,5.5,5.7367,0.001334,0.329582,0.255488,0.232000,0.145987,0.320832,0.310015,0.291905,0.337125,0.345986,0.377413,0.099521,0.100717,57.71,58.01,81.647,246.85
1995.25,0.038052,0.007283,0,5.7,5.5967,0.001252,0.329582,0.255488,0.232000,0.145987,0.320832,0.310015,0.291905,0.337125,0.345986,0.377413,0.099521,0.100717,57.49,58.41,81.699,247.47
1995.5,0.038257,0.007234,0,5.7,5.3667,0.001113,0.329582,0.255488,0.232000,0.145987,0.320832,0.310015,0.291905,0.337125,0.345986,0.377413,0.099521,0.100717,58.25,58.8,81.754,247.56
1995.75,0.038405,0.007168,0,5.6,5.26,0.001119,0.329582,0.255488,0.232000,0.145987,0.320832,0.310015,0.291905,0.337125,0.345986,0.377413,0.099521,0.100717,59.46,59.98,82.005,248.24
1996,0.038561,0.007196,0,5.5,4.93,0.001154,0.330631,0.257489,0.235000,0.150771,0.32203,0.308958,0.290396,0.340814,0.350488,0.38349,0.098507,0.099182,60.96,61.47,82.265,244.77
1996.25,0.039126,0.007244,0,5.5,5.02,0.000919,0.330631,0.257489,0.235000,0.150771,0.32203,0.308958,0.290396,0.340814,0.350488,0.38349,0.098507,0.099182,62.95,63.24,82.339,247.99
1996.5,0.039362,0.007239,0,5.3,5.0967,0.00084,0.330631,0.257489,0.235000,0.150771,0.32203,0.308958,0.290396,0.340814,0.350488,0.38349,0.098507,0.099182,64.4,65.35,82.55,252.41
1996.75,0.039648,0.007271,0,5.3,4.9767,0.000614,0.330631,0.257489,0.235000,0.150771,0.32203,0.308958,0.290396,0.340814,0.350488,0.38349,0.098507,0.099182,65.48,67.11,82.351,254.26
1997,0.039843,0.007266,0,5.2,5.06,0.000557,0.333406,0.256996,0.237000,0.152716,0.320737,0.30858,0.290918,0.337346,0.3452,0.3718,0.10284,0.099476,66.76,68.83,82.856,254.74
1997.25,0.040331,0.00732,0,5,5.0467,0.000347,0.333406,0.256996,0.237000,0.152716,0.320737,0.30858,0.290918,0.337346,0.3452,0.3718,0.10284,0.099476,68.2,70.53,83.4,257.16
1997.5,0.040712,0.007306,0,4.9,5.0467,0.000311,0.333406,0.256996,0.237000,0.152716,0.320737,0.30858,0.290918,0.337346,0.3452,0.3718,0.10284,0.099476,70.82,74.13,83.868,258.02
1997.75,0.040896,0.007317,0,4.7,5.09,0.000322,0.333406,0.256996,0.237000,0.152716,0.320737,0.30858,0.290918,0.337346,0.3452,0.3718,0.10284,0.099476,71.43,74.73,84.941,259.19
1998,0.041192,0.00726,0,4.6,5.0533,0.000067,0.33501,0.253896,0.239000,0.151161,0.319522,0.304676,0.283745,0.339207,0.346452,0.372822,0.108716,0.103482,73.58,77.31,86.241,260.85
1998.25,0.041482,0.007399,0,4.4,4.9767,-0.000027,0.33501,0.253896,0.239000,0.151161,0.319522,0.304676,0.283745,0.339207,0.346452,0.372822,0.108716,0.103482,76.15,80.14,87.091,261.86
1998.5,0.041896,0.00746,0,4.5,4.8233,-0.000133,0.33501,0.253896,0.239000,0.151161,0.319522,0.304676,0.283745,0.339207,0.346452,0.372822,0.108716,0.103482,77.6,81.35,88.113,262.94
1998.75,0.042452,0.007531,0,4.4,4.2533,-0.000105,0.33501,0.253896,0.239000,0.151161,0.319522,0.304676,0.283745,0.339207,0.346452,0.372822,0.108716,0.103482,79.97,84.03,88.24,264.27
1999,0.04268,0.007572,0.001608,4.3,4.4067,-0.000245,0.338231,0.25673,0.243000,0.155388,0.31822,0.301984,0.280432,0.339179,0.3465,0.371087,0.109652,0.103731,81.45,85.98,89.493,265.04
1999.25,0.042919,0.007651,0,4.3,4.4533,-0.000277,0.338231,0.25673,0.243000,0.155388,0.31822,0.301984,0.280432,0.339179,0.3465,0.371087,0.109652,0.103731,83.36,88.39,89.187,265.83
1999.5,0.043323,0.007762,0,4.2,4.65,-0.000306,0.338231,0.25673,0.243000,0.155388,0.31822,0.301984,0.280432,0.339179,0.3465,0.371087,0.109652,0.103731,85.3,90.93,89.295,265.15
1999.75,0.043939,0.007898,0,4.1,5.0433,-0.000281,0.338231,0.25673,0.243000,0.155388,0.31822,0.301984,0.280432,0.339179,0.3465,0.371087,0.109652,0.103731,85.78,91.22,90.388,268.79
2000,0.043953,0.007866,0,4,5.52,-0.000755,0.341021,0.261558,0.247000,0.160815,0.317885,0.300314,0.278823,0.339904,0.346875,0.369848,0.10761,0.102701,88.29,94.61,92.654,273.56
2000.25,0.044672,0.007949,0,3.9,5.7133,-0.000624,0.341021,0.261558,0.247000,0.160815,0.317885,0.300314,0.278823,0.339904,0.346875,0.369848,0.10761,0.102701,90.51,98.1,92.163,273.46
2000.5,0.044604,0.007945,0,4,6.0167,-0.000647,0.341021,0.261558,0.247000,0.160815,0.317885,0.300314,0.278823,0.339904,0.346875,0.369848,0.10761,0.102701,90.82,99.18,93.109,273.57
2000.75,0.044732,0.007982,0,3.9,6.0167,-0.000611,0.341021,0.261558,0.247000,0.160815,0.317885,0.300314,0.278823,0.339904,0.346875,0.369848,0.10761,0.102701,91.1,99.57,92.98,274.2
2001,0.044497,0.008096,0,4.2,4.8167,-0.000537,0.334132,0.256867,0.238000,0.149955,0.316552,0.298712,0.272182,0.341003,0.34901,0.373278,0.103972,0.103577,90.55,98.62,94.164,273.19
2001.25,0.044626,0.008216,0,4.4,3.66,-0.000336,0.334132,0.256867,0.238000,0.149955,0.316552,0.298712,0.272182,0.341003,0.34901,0.373278,0.103972,0.103577,89.14,96.03,93.85,271.96
2001.5,0.044367,0.008196,0.009127,4.8,3.17,0.00062,0.334132,0.256867,0.238000,0.149955,0.316552,0.298712,0.272182,0.341003,0.34901,0.373278,0.103972,0.103577,88.2,94.45,93.734,270.54
2001.75,0.044372,0.008289,0,5.5,1.9067,0.000228,0.334132,0.256867,0.238000,0.149955,0.316552,0.298712,0.272182,0.341003,0.34901,0.373278,0.103972,0.103577,85.99,91.45,94.677,268.97
2002,0.044678,0.008447,0.027688,5.7,1.7233,0.001061,0.329481,0.248686,0.231000,0.137740,0.294287,0.281513,0.256818,0.312289,0.316314,0.33327,0.107539,0.108157,85.23,89.32,94.793,268.99
2002.25,0.044825,0.008529,0,5.8,1.7167,0.001233,0.329481,0.248686,0.231000,0.137740,0.294287,0.281513,0.256818,0.312289,0.316314,0.33327,0.107539,0.108157,84.89,87.87,94.856,269.61
2002.5,0.044929,0.00858,0.008505,5.7,1.6433,0.001282,0.329481,0.248686,0.231000,0.137740,0.294287,0.281513,0.256818,0.312289,0.316314,0.33327,0.107539,0.108157,84.74,87.42,94.829,270.3
2002.75,0.044843,0.008655,0,5.9,1.3333,0.00148,0.329481,0.248686,0.231000,0.137740,0.294287,0.281513,0.256818,0.312289,0.316314,0.33327,0.107539,0.108157,84.05,85.77,94.526,269.52
2003,0.04498,0.008723,0.011149,5.9,1.1567,0.001553,0.311358,0.23595,0.211000,0.125903,0.288889,0.277461,0.254818,0.304909,0.309327,0.323139,0.098695,0.097355,84.07,85.39,94.14,270.73
2003.25,0.045297,0.008831,0,6.1,1.04,0.001894,0.311358,0.23595,0.211000,0.125903,0.288889,0.277461,0.254818,0.304909,0.309327,0.323139,0.098695,0.097355,86.22,87.68,95.912,270.8
2003.5,0.045942,0.008818,0.003606,6.1,0.93,0.002147,0.311358,0.23595,0.211000,0.125903,0.288889,0.277461,0.254818,0.304909,0.309327,0.323139,0.098695,0.097355,88.99,89.68,96.62,270.44
2003.75,0.046364,0.008857,0.006727,5.8,0.91667,0.001844,0.311358,0.23595,0.211000,0.125903,0.288889,0.277461,0.254818,0.304909,0.309327,0.323139,0.098695,0.097355,90.58,90.85,97.596,272.33
2004,0.046538,0.00894,0,5.7,0.91667,0.001975,0.310781,0.232781,0.213000,0.127500,0.286873,0.275829,0.255162,0.301487,0.304987,0.319316,0.101666,0.097994,90.4,90.12,96.593,273.82
2004.25,0.046779,0.009,0.002085,5.6,1.0767,0.001801,0.310781,0.232781,0.213000,0.127500,0.286873,0.275829,0.255162,0.301487,0.304987,0.319316,0.101666,0.097994,93.19,92.56,97.697,272.91
2004.5,0.047089,0.009068,0,5.4,1.4867,0.001717,0.310781,0.232781,0.213000,0.127500,0.286873,0.275829,0.255162,0.301487,0.304987,0.319316,0.101666,0.097994,95.17,95.1,98.827,274.46
2004.75,0.047376,0.009056,0,5.4,2.0067,0.001703,0.310781,0.232781,0.213000,0.127500,0.286873,0.275829,0.255162,0.301487,0.304987,0.319316,0.101666,0.097994,96.78,97.2,98.178,276.21
2005,0.047777,0.009106,0.00796,5.3,2.5367,0.001464,0.311467,0.231709,0.216000,0.130819,0.298078,0.286101,0.266093,0.31284,0.317268,0.32942,0.103812,0.098002,97.97,98.09,98.36,277.37
2005.25,0.047928,0.009123,0,5.1,2.8633,0.001424,0.311467,0.231709,0.216000,0.130819,0.298078,0.286101,0.266093,0.31284,0.317268,0.32942,0.103812,0.098002,99.7,99.52,98.261,279.58
2005.5,0.048211,0.009206,0,5,3.36,0.001631,0.311467,0.231709,0.216000,0.130819,0.298078,0.286101,0.266093,0.31284,0.317268,0.32942,0.103812,0.098002,100.98,100.92,98.021,281.31
2005.75,0.048362,0.009184,0,5,3.8267,0.001306,0.311467,0.231709,0.216000,0.130819,0.298078,0.286101,0.266093,0.31284,0.317268,0.32942,0.103812,0.098002,101.35,101.48,97.707,281.81
2006,0.048836,0.009275,0,4.7,4.3933,0.001149,0.31216,0.232783,0.217000,0.133532,0.302569,0.289309,0.270632,0.318338,0.322919,0.334911,0.103461,0.096332,103.67,105.76,99.14,283.47
2006.25,0.048876,0.009317,0.016683,4.6,4.7033,0.001155,0.31216,0.232783,0.217000,0.133532,0.302569,0.289309,0.270632,0.318338,0.322919,0.334911,0.103461,0.096332,103.19,107.64,98.315,285.37
2006.5,0.048794,0.009316,0,4.6,4.9067,0.001084,0.31216,0.232783,0.217000,0.133532,0.302569,0.289309,0.270632,0.318338,0.322919,0.334911,0.103461,0.096332,101.88,108.81,97.648,286.95
2006.75,0.049042,0.009381,0,4.4,4.9033,0.000755,0.31216,0.232783,0.217000,0.133532,0.302569,0.289309,0.270632,0.318338,0.322919,0.334911,0.103461,0.096332,100.5,109.44,99.638,288.89
2007,0.048956,0.009409,0,4.5,4.9833,0.001027,0.312698,0.231505,0.220383,0.134840,0.305094,0.290708,0.274269,0.322188,0.327407,0.339321,0.105652,0.098876,99.84,110.56,100.946,287.7
2007.25,0.049218,0.009496,0,4.5,4.7367,0.001173,0.312698,0.231505,0.220383,0.134840,0.305094,0.290708,0.274269,0.322188,0.327407,0.339321,0.105652,0.098876,100.73,113.58,99.708,287.15
2007.5,0.049421,0.00958,0,4.7,4.3033,0.001303,0.312698,0.231505,0.220383,0.134840,0.305094,0.290708,0.274269,0.322188,0.327407,0.339321,0.105652,0.098876,100.63,116.22,99.535,288.38
2007.75,0.04947,0.009652,0.050742,4.8,3.39,0.001312,0.312698,0.231505,0.220383,0.134840,0.305094,0.290708,0.274269,0.322188,0.327407,0.339321,0.105652,0.098876,99.56,118.11,99.515,290.13
2008,0.049026,0.009772,0,5,2.0433,0.001624,0.312022,0.237416,0.216776,0.132839,0.306579,0.286599,0.267216,0.332134,0.339978,0.360058,0.097833,0.096795,97.97,118.67,99.41,288.39
2008.25,0.049168,0.009903,0,5.3,1.6267,0.00284,0.312022,0.237416,0.216776,0.132839,0.306579,0.286599,0.267216,0.332134,0.339978,0.360058,0.097833,0.096795,97.29,119.08,98.263,287.82
2008.5,0.048817,0.010051,0,6,1.4933,0.002529,0.312022,0.237416,0.216776,0.132839,0.306579,0.286599,0.267216,0.332134,0.339978,0.360058,0.097833,0.096795,95.2,117.21,97.744,284.63
2008.75,0.047671,0.009992,-0.016412,6.9,0.29667,0.003316,0.312022,0.237416,0.216776,0.132839,0.306579,0.286599,0.267216,0.332134,0.339978,0.360058,0.097833,0.096795,89.96,111.04,101.39,280.85
2009,0.046916,0.009901,0,8.3,0.21333,0.004344,0.309227,0.236739,0.211026,0.126758,0.27844,0.262346,0.243722,0.300231,0.304793,0.317342,0.094972,0.0965,,,99.402,
2009.25,0.046762,0.010065,0,9.3,0.17333,0.005126,0.309227,0.236739,0.211026,0.126758,0.27844,0.262346,0.243722,0.300231,0.304793,0.317342,0.094972,0.0965,,,101.441,
2009.5,0.046808,0.010129,0,9.6,0.15667,0.004921,0.309227,0.236739,0.211026,0.126758,0.27844,0.262346,0.243722,0.300231,0.304793,0.317342,0.094972,0.0965,,,101.283,
2009.75,0.047151,0.010106,0,9.9,0.056667,0.004812,0.309227,0.236739,0.211026,0.126758,0.27844,0.262346,0.243722,0.300231,0.304793,0.317342,0.094972,0.0965,,,101.08,
2010,0.047261,0.010094,0,9.8,0.10667,0.00494,0.308807,0.235893,0.213831,0.130884,0.278248,0.265895,0.24622,0.294042,0.296567,0.304938,0.095424,0.095438,,,99.974,
2010.25,0.047663,0.010185,0,9.6,0.14667,0.004985,0.308807,0.235893,0.213831,0.130884,0.278248,0.265895,0.24622,0.294042,0.296567,0.304938,0.095424,0.095438,,,101.123,
2010.5,0.04789,0.010161,0,9.5,0.15667,0.004712,0.308807,0.235893,0.213831,0.130884,0.278248,0.265895,0.24622,0.294042,0.296567,0.304938,0.095424,0.095438,,,101.418,
2010.75,0.048089,0.010054,-0.006495,9.5,0.13667,0.004614,0.308807,0.235893,0.213831,0.130884,0.278248,0.265895,0.24622,0.294042,0.296567,0.304938,0.095424,0.095438,,,100.999,
2011,0.047819,0.009897,0,9,0.12667,0.004299,0.297425,0.224519,0.214721,0.132626,0.280374,0.265933,0.243222,0.298511,0.301901,0.311279,0.094013,0.094647,,,101.744,
2011.25,0.048085,0.009902,0,9.1,0.046667,0.004578,0.297425,0.224519,0.214721,0.132626,0.280374,0.265933,0.243222,0.298511,0.301901,0.311279,0.094013,0.094647,,,99.728,
2011.5,0.04809,0.009801,-0.02516,9,0.023333,0.004259,0.297425,0.224519,0.214721,0.132626,0.280374,0.265933,0.243222,0.298511,0.301901,0.311279,0.094013,0.094647,,,99.87,
2011.75,0.048532,0.009717,-0.003118,8.6,0.013333,0.004199,0.297425,0.224519,0.214721,0.132626,0.280374,0.265933,0.243222,0.298511,0.301901,0.311279,0.094013,0.094647,,,97.968,
2012,0.04877,0.009683,0,8.3,0.066667,0.003732,0.29908,0.22444,0.218296,0.137095,0.275232,0.261624,0.23795,0.291064,0.293765,0.301428,0.096241,0.094102,,,99.675,
2012.25,0.048917,0.009587,0,8.2,0.086667,0.003635,0.29908,0.22444,0.218296,0.137095,0.275232,0.261624,0.23795,0.291064,0.293765,0.301428,0.096241,0.094102,,,100.027,
2012.5,0.04888,0.009517,0,8,0.1,0.003526,0.29908,0.22444,0.218296,0.137095,0.275232,0.261624,0.23795,0.291064,0.293765,0.301428,0.096241,0.094102,,,99.529,
2012.75,0.048789,0.009411,0,7.8,0.09,0.003542,0.29908,0.22444,0.218296,0.137095,0.275232,0.261624,0.23795,0.291064,0.293765,0.301428,0.096241,0.094102,,,101.435,
2013,0.048941,0.009287,-0.029851,7.7,0.09,0.002556,0.221902,0.247462,0.221902,0.143699,0.29833,0.280619,0.24963,0.319939,0.325872,0.345337,-0.033966,0.091326,,,99.514,
2013.25,0.048999,0.009225,0,7.5,0.05,0.001719,0.221902,0.247462,0.221902,0.143699,0.29833,0.280619,0.24963,0.319939,0.325872,0.345337,-0.033966,0.091326,,,100.321,
2013.5,0.049262,0.009161,0,7.3,0.03,0.002251,0.221902,0.247462,0.221902,0.143699,0.29833,0.280619,0.24963,0.319939,0.325872,0.345337,-0.033966,0.091326,,,99.558,
2013.75,0.049619,0.009115,0,6.9,0.06,0.001727,0.221902,0.247462,0.221902,0.143699,0.29833,0.280619,0.24963,0.319939,0.325872,0.345337,-0.033966,0.091326,,,99.938,
2014,0.049416,0.009084,0,6.7,0.05,0.001942,0.224416,0.249807,0.224416,0.148690,0.297528,0.281703,0.253447,0.315949,0.321625,0.339071,-0.033846,0.088953,,,101.207,
2014.25,0.049885,0.009088,0,6.2,0.03,0.001975,0.224416,0.249807,0.224416,0.148690,0.297528,0.281703,0.253447,0.315949,0.321625,0.339071,-0.033846,0.088953,,,100.139,
2014.5,0.050306,0.009122,0,6.1,0.03,0.002005,0.224416,0.249807,0.224416,0.148690,0.297528,0.281703,0.253447,0.315949,0.321625,0.339071,-0.033846,0.088953,,,100.46,
2014.75,0.050455,0.009058,0,5.7,0.02,0.001937,0.224416,0.249807,0.224416,0.148690,0.297528,0.281703,0.253447,0.315949,0.321625,0.339071,-0.033846,0.088953,,,101.762,
2015,0.050446,0.009002,0,5.6,0.03,0.001774,0.219973,0.252084,0.219973,0.150574,0.302861,0.284254,0.255029,0.324622,0.330557,0.34961,-0.042934,0.081701,,,103.595,
2015.25,0.050847,0.009024,0,5.4,0.02,0.001413,0.219973,0.252084,0.219973,0.150574,0.302861,0.284254,0.255029,0.324622,0.330557,0.34961,-0.042934,0.081701,,,103.789,
2015.5,0.050992,0.009038,0,5.2,0.04,0.001858,0.219973,0.252084,0.219973,0.150574,0.302861,0.284254,0.255029,0.324622,0.330557,0.34961,-0.042934,0.081701,,,104.119,
2015.75,0.051058,0.009006,0,5,0.12,0.001818,0.219973,0.252084,0.219973,0.150574,0.302861,0.284254,0.255029,0.324622,0.330557,0.34961,-0.042934,0.081701,,,103.897,